-- MySQL dump 10.13  Distrib 5.7.14, for Linux (x86_64)
--
-- Host: localhost    Database: bank
-- ------------------------------------------------------
-- Server version	5.7.14-google-log

/*!40101 SET @OLD_CHARACTER_SET_CLIENT=@@CHARACTER_SET_CLIENT */;
/*!40101 SET @OLD_CHARACTER_SET_RESULTS=@@CHARACTER_SET_RESULTS */;
/*!40101 SET @OLD_COLLATION_CONNECTION=@@COLLATION_CONNECTION */;
/*!40101 SET NAMES utf8 */;
/*!40103 SET @OLD_TIME_ZONE=@@TIME_ZONE */;
/*!40103 SET TIME_ZONE='+00:00' */;
/*!40014 SET @OLD_UNIQUE_CHECKS=@@UNIQUE_CHECKS, UNIQUE_CHECKS=0 */;
/*!40014 SET @OLD_FOREIGN_KEY_CHECKS=@@FOREIGN_KEY_CHECKS, FOREIGN_KEY_CHECKS=0 */;
/*!40101 SET @OLD_SQL_MODE=@@SQL_MODE, SQL_MODE='NO_AUTO_VALUE_ON_ZERO' */;
/*!40111 SET @OLD_SQL_NOTES=@@SQL_NOTES, SQL_NOTES=0 */;

--
-- Table structure for table `Account`
--

DROP TABLE IF EXISTS `Account`;
/*!40101 SET @saved_cs_client     = @@character_set_client */;
/*!40101 SET character_set_client = utf8 */;
CREATE TABLE `Account` (
  `accNumber` int(11) NOT NULL,
  `type` varchar(3) DEFAULT NULL,
  `balance` text,
  `branchNumber` int(11) DEFAULT NULL,
  PRIMARY KEY (`accNumber`),
  KEY `branchNumber` (`branchNumber`),
  CONSTRAINT `Account_ibfk_1` FOREIGN KEY (`branchNumber`) REFERENCES `Branch` (`branchNumber`)
) ENGINE=InnoDB DEFAULT CHARSET=utf8;
/*!40101 SET character_set_client = @saved_cs_client */;

--
-- Dumping data for table `Account`
--

LOCK TABLES `Account` WRITE;
/*!40000 ALTER TABLE `Account` DISABLE KEYS */;
INSERT INTO `Account` VALUES (1,'SAV','118231.13',1),(2,'CHQ','100808.03',1),(3,'CHQ','77231.12',1),(4,'BUS','106503.6',1),(5,'CHQ','105696.04',1),(6,'CHQ','107309.23',1),(7,'CHQ','95358.73',1),(8,'BUS','121267.54',1),(9,'SAV','132271.23',1),(10,'BUS','72667.44',1),(11,'CHQ','90343.03',1),(12,'SAV','77626.76',1),(13,'CHQ','112505.84',1),(14,'CHQ','73455.1',1),(15,'CHQ','78226.03',1),(16,'BUS','75390.64',1),(17,'CHQ','103356.07',1),(18,'BUS','103579.69',1),(19,'SAV','83432.52',1),(20,'CHQ','107270.59',1),(21,'CHQ','61088.32',1),(22,'BUS','78928.42',1),(23,'CHQ','86557.7',1),(24,'CHQ','93154.91',1),(25,'SAV','105997.07',1),(26,'SAV','112046.36',1),(27,'BUS','81162.08',1),(28,'CHQ','112617.97',1),(29,'CHQ','94087.32',1),(30,'CHQ','63355.07',1),(31,'CHQ','111209.89',1),(32,'SAV','83408.19',1),(33,'CHQ','66644.17',1),(34,'CHQ','77291.46',1),(35,'SAV','77214.48',1),(36,'BUS','65482.68',1),(37,'SAV','9421.53',1),(38,'CHQ','82432.46',1),(39,'CHQ','73214.41',1),(40,'SAV','72419.68',1),(41,'CHQ','57835.64',3),(42,'CHQ','15027.44',3),(43,'BUS','82028.05',3),(44,'SAV','69658.25',3),(45,'CHQ','85737.08',3),(46,'CHQ','30235.92',3),(47,'CHQ','19425.14',3),(48,'SAV','63416.35',3),(49,'SAV','87557.84',3),(50,'CHQ','6086',3),(51,'BUS','45793.34',3),(52,'CHQ','23848.6',3),(53,'SAV','49101.06',3),(54,'CHQ','48383.18',3),(55,'BUS','49713.83',3),(56,'CHQ','97555.21',3),(57,'CHQ','82512.57',3),(58,'CHQ','58127.71',3),(59,'CHQ','112534.31',3),(60,'SAV','53485.04',3),(61,'CHQ','11749.75',3),(62,'CHQ','36702.54',3),(63,'BUS','57035.26',3),(64,'SAV','87815.69',3),(65,'CHQ','61400.1',3),(66,'CHQ','40008.53',3),(67,'CHQ','93884.6',3),(68,'SAV','37748.82',3),(69,'SAV','18172.88',3),(70,'SAV','33716.29',3),(71,'CHQ','52620.44',3),(72,'SAV','59597.18',3),(73,'CHQ','27130.9',3),(74,'BUS','70301.55',3),(75,'CHQ','14043.82',3),(76,'CHQ','86994.95',3),(77,'CHQ','92207.37',3),(78,'SAV','72742.21',3),(79,'CHQ','49404.4',3),(80,'BUS','13574.85',2),(81,'CHQ','107129.47',4),(82,'SAV','29525.31',5),(83,'CHQ','76413.7',1),(84,'CHQ','8533.5',1),(85,'SAV','69476.72',1),(86,'SAV','50837.08',1),(87,'CHQ','31103.59',1),(88,'BUS','4563.37',1),(89,'SAV','97457.14',1),(90,'CHQ','33551.51',2),(91,'BUS','62531.41',2),(92,'BUS','71552.54',2),(93,'BUS','79642.98',2),(94,'SAV','74260.98',2),(95,'SAV','22741.92',3),(96,'SAV','37055.15',3),(97,'SAV','11797.34',3),(98,'SAV','69297.68',3),(99,'SAV','17951.51',3),(100,'CHQ','33128.61',4),(101,'SAV','17004.14',4),(102,'CHQ','89221.14',4),(103,'SAV','90491.84',4),(104,'CHQ','58057.6',5),(105,'CHQ','27705.29',5),(106,'BUS','102297.76',5),(107,'BUS','102366.95',1),(108,'CHQ','66088.83',1),(109,'CHQ','56112.34',1),(110,'SAV','36235.58',1),(111,'CHQ','70566.34',1),(112,'CHQ','31854.76',1),(113,'CHQ','82792.58',1),(114,'BUS','67973.27',1),(115,'BUS','102857.55',1),(116,'BUS','34798.47',1),(117,'SAV','14203.1',1),(118,'CHQ','57084.45',1),(119,'CHQ','113473.16',1),(120,'SAV','27253.21',1),(121,'SAV','103512.78',1),(122,'CHQ','48725.2',1),(123,'BUS','80993.9',1),(124,'BUS','11732.87',1),(125,'SAV','44498.65',1),(126,'CHQ','56986.7',1),(127,'CHQ','54938.1',1),(128,'SAV','73129.43',1),(129,'BUS','35668.54',1),(130,'CHQ','102776.09',1),(131,'CHQ','65314.36',1),(132,'CHQ','99950.35',1),(133,'BUS','86457.17',1),(134,'SAV','37690.5',1),(135,'SAV','105420.87',1),(136,'CHQ','32694.57',1),(137,'SAV','76535.96',1),(138,'BUS','104044.22',1),(139,'BUS','101394.11',1),(140,'SAV','99233.93',1),(141,'BUS','93073.14',1),(142,'SAV','86931.71',1),(143,'SAV','27480.19',1),(144,'CHQ','31521.61',1),(145,'SAV','34588.13',3),(146,'SAV','95876.24',3),(147,'CHQ','114094.94',3),(148,'CHQ','100187.85',3),(149,'CHQ','81508.76',3),(150,'BUS','77477.04',3),(151,'BUS','82207.06',3),(152,'SAV','31858.67',3),(153,'CHQ','50791.28',3),(154,'CHQ','66605.48',3),(155,'SAV','55474.05',3),(156,'SAV','41520.57',3),(157,'CHQ','73162.44',3),(158,'CHQ','83981.94',3),(159,'BUS','44147.62',3),(160,'SAV','87925.09',3),(161,'CHQ','22932',3),(162,'CHQ','90303.24',3),(163,'CHQ','30169.57',3),(164,'CHQ','101336.25',3),(165,'CHQ','108042.83',3),(166,'BUS','65453.56',3),(167,'BUS','20965.26',3),(168,'CHQ','41877.4',2),(169,'CHQ','32880.92',2),(170,'SAV','69580.12',2),(171,'SAV','94194.62',2),(172,'CHQ','85165.81',2),(173,'BUS','15923.34',2),(174,'BUS','23535.33',2),(175,'BUS','70997.62',2),(176,'CHQ','113048.79',2),(177,'BUS','52032.61',2),(178,'BUS','16105.24',2),(179,'BUS','42494.67',2),(180,'BUS','40624.03',2),(181,'SAV','24453.37',2),(182,'CHQ','29159.33',2),(183,'CHQ','9307.48',2),(184,'CHQ','15291.3',2),(185,'CHQ','33527.24',2),(186,'SAV','46559.63',2),(187,'CHQ','103328.66',2),(188,'CHQ','15594.68',2),(189,'SAV','67788',2),(190,'CHQ','89691.22',2),(191,'CHQ','95003.16',2),(192,'SAV','19162.66',2),(193,'SAV','20098.57',2),(194,'SAV','92152.03',2),(195,'CHQ','88554.16',2),(196,'CHQ','47316.34',2),(197,'BUS','19495.5',2),(198,'CHQ','102686.76',2),(199,'BUS','87161.89',2),(200,'BUS','100035.01',2),(201,'CHQ','60209.26',2),(202,'CHQ','66850.69',2),(203,'CHQ','80881.13',2),(204,'CHQ','72290.49',2),(205,'SAV','49952.82',2),(206,'CHQ','83814.09',2),(207,'CHQ','57012.31',2),(208,'CHQ','39569.33',2),(209,'BUS','88574.32',2),(210,'CHQ','68064.25',2),(211,'CHQ','94562.36',2),(212,'BUS','54950.8',2),(213,'SAV','41508.56',2),(214,'CHQ','61928.33',2),(215,'BUS','83349.17',2),(216,'SAV','74211.19',2),(217,'SAV','50874.79',2),(218,'BUS','103650.37',2),(219,'BUS','29672.22',2),(220,'CHQ','84329.91',2),(221,'BUS','105068.53',2),(222,'SAV','81498.87',2),(223,'SAV','41345.93',2),(224,'SAV','61398.87',2),(225,'BUS','18954.6',2),(226,'CHQ','55444.17',2),(227,'CHQ','109916.78',2),(228,'SAV','77031.07',2),(229,'CHQ','81816.87',2),(230,'SAV','63379.26',2),(231,'CHQ','10203.09',2),(232,'CHQ','81180.98',2),(233,'CHQ','46629.3',2),(234,'BUS','35041.68',2),(235,'SAV','44741.9',2),(236,'BUS','23084.55',2),(237,'BUS','91951.43',2),(238,'BUS','46680.5',2),(239,'CHQ','2254.01',2),(240,'BUS','96635.34',2),(241,'CHQ','75723.27',2),(242,'BUS','31705.31',4),(243,'SAV','49766.04',4),(244,'CHQ','30768.43',4),(245,'SAV','95413.18',4),(246,'CHQ','58063.58',4),(247,'BUS','72957.44',4),(248,'SAV','65919.35',4),(249,'BUS','83863.1',4),(250,'SAV','28400.79',4),(251,'SAV','33140.3',4),(252,'CHQ','94530.03',4),(253,'SAV','74761.19',4),(254,'BUS','63839.93',4),(255,'BUS','29913.6',4),(256,'SAV','72686.41',4),(257,'SAV','69711.29',5),(258,'CHQ','31874.66',5),(259,'CHQ','89292.26',5),(260,'SAV','55607.43',5),(261,'SAV','55402.81',5),(262,'CHQ','82475.58',5),(263,'SAV','22682.38',5),(264,'BUS','56998.05',5),(265,'CHQ','19061.45',5),(266,'CHQ','17608.2',5),(267,'BUS','24588.13',5),(268,'SAV','91951.04',5),(269,'BUS','79912.41',5),(270,'SAV','24148.47',5),(271,'BUS','43452.71',5),(272,'CHQ','101739.44',5),(273,'BUS','65213.27',5),(274,'CHQ','64163.66',5),(275,'SAV','95955.98',5),(276,'CHQ','6690.91',5),(277,'CHQ','95702.75',5),(278,'SAV','48434.8',4),(279,'BUS','88794.87',4),(280,'SAV','45824.72',4),(281,'CHQ','80968.75',4),(282,'SAV','101063.84',4),(283,'CHQ','52820.66',4),(284,'SAV','85756.7',4),(285,'CHQ','36115.4',4),(286,'CHQ','25533.43',4),(287,'CHQ','51492.52',4),(288,'CHQ','51490.77',4),(289,'CHQ','41904.46',4),(290,'BUS','87236.94',4),(291,'SAV','101504.47',4),(292,'CHQ','86090.85',4),(293,'CHQ','82812.96',4),(294,'BUS','36864.46',4),(295,'CHQ','44516.4',4),(296,'CHQ','65875.84',4),(297,'BUS','77378.21',4),(298,'SAV','92525.41',4);
/*!40000 ALTER TABLE `Account` ENABLE KEYS */;
UNLOCK TABLES;

--
-- Table structure for table `Branch`
--

DROP TABLE IF EXISTS `Branch`;
/*!40101 SET @saved_cs_client     = @@character_set_client */;
/*!40101 SET character_set_client = utf8 */;
CREATE TABLE `Branch` (
  `branchNumber` int(11) NOT NULL,
  `branchName` varchar(20) DEFAULT NULL,
  `managerSIN` int(11) DEFAULT NULL,
  `budget` text,
  PRIMARY KEY (`branchNumber`),
  KEY `managerSIN` (`managerSIN`),
  CONSTRAINT `Branch_ibfk_1` FOREIGN KEY (`managerSIN`) REFERENCES `Employee` (`sin`)
) ENGINE=InnoDB DEFAULT CHARSET=utf8;
/*!40101 SET character_set_client = @saved_cs_client */;

--
-- Dumping data for table `Branch`
--

LOCK TABLES `Branch` WRITE;
/*!40000 ALTER TABLE `Branch` DISABLE KEYS */;
INSERT INTO `Branch` VALUES (1,'London',55700,'3200000\r'),(2,'Latveria',51850,'2500000\r'),(3,'New York',31964,'2750000\r'),(4,'Berlin',99537,'1500000\r'),(5,'Moscow',63963,'800000\r');
/*!40000 ALTER TABLE `Branch` ENABLE KEYS */;
UNLOCK TABLES;

--
-- Table structure for table `Customer`
--

DROP TABLE IF EXISTS `Customer`;
/*!40101 SET @saved_cs_client     = @@character_set_client */;
/*!40101 SET character_set_client = utf8 */;
CREATE TABLE `Customer` (
  `customerID` int(11) NOT NULL,
  `firstName` varchar(20) DEFAULT NULL,
  `lastName` varchar(20) DEFAULT NULL,
  `income` int(11) DEFAULT NULL,
  `birthData` varchar(20) DEFAULT NULL,
  PRIMARY KEY (`customerID`)
) ENGINE=InnoDB DEFAULT CHARSET=utf8;
/*!40101 SET character_set_client = @saved_cs_client */;

--
-- Dumping data for table `Customer`
--

LOCK TABLES `Customer` WRITE;
/*!40000 ALTER TABLE `Customer` DISABLE KEYS */;
INSERT INTO `Customer` VALUES (10839,'Amy','Hayes',24386,'1976-11-13\r'),(11696,'Denise','Lopez',16409,'1960-10-04\r'),(11790,'Benjamin','Green',54011,'1967-06-06\r'),(11799,'Judith','Martinez',59593,'1962-07-17\r'),(13230,'Marie','Brooks',3300,'1963-06-03\r'),(13423,'Norma','Simmons',99902,'1969-11-26\r'),(13697,'Charles','Hill',92397,'1965-06-01\r'),(13874,'Jimmy','Cooper',79613,'1991-01-09\r'),(14295,'Anne','Ramirez',44495,'1964-06-19\r'),(16837,'Stephen','Hughes',48819,'1987-08-21\r'),(18166,'Ruby','Barnes',84562,'1967-08-12\r'),(19308,'Mildred','Reed',64499,'1955-03-07\r'),(19973,'Albert','Kelly',70028,'1972-04-02\r'),(20287,'Eugene','Thomas',79481,'1951-06-18\r'),(22050,'Helen','Sanchez',63333,'1946-01-18\r'),(23010,'Martha','Young',63192,'1963-02-26\r'),(25052,'Jack','Anderson',35755,'1923-07-01\r'),(25159,'Shirley','Brooks',41580,'1982-07-01\r'),(27004,'Steven','Johnson',69842,'1952-09-03\r'),(27954,'Diana','Gonzales',94777,'1986-02-09\r'),(28453,'Margaret','White',75146,'1983-07-25\r'),(28505,'Joe','Cook',4293,'1976-11-09\r'),(29474,'Amanda','White',59360,'1947-03-23\r'),(29652,'Martha','Butler',26091,'1986-04-03\r'),(30525,'Helen','Carter',48963,'1984-04-27\r'),(30622,'Harry','Murphy',30794,'1975-04-27\r'),(30807,'Roy','Morris',40753,'1989-10-21\r'),(32422,'Christine','Gray',95821,'1950-05-06\r'),(33133,'Henry','Barnes',50640,'1995-07-23\r'),(33726,'Jerry','Cook',91174,'1979-10-27\r'),(33850,'Henry','Ward',60404,'1961-09-02\r'),(33913,'Ronald','Bell',91166,'1974-06-11\r'),(34069,'Earl','Lee',10630,'1973-11-09\r'),(35059,'Larry','Murphy',69037,'2006-05-27\r'),(35380,'Harold','Clark',47079,'1987-01-26\r'),(35780,'Harold','Young',60731,'1974-04-01\r'),(36238,'Ralph','Morgan',59759,'1993-03-18\r'),(36978,'Johnny','Hall',78168,'1982-06-14\r'),(37088,'Cynthia','Ross',53639,'1956-09-10\r'),(37716,'Annie','Scott',59925,'1969-02-06\r'),(38003,'Joshua','Griffin',44103,'2004-10-01\r'),(38351,'Victor','Perez',86093,'1951-11-12\r'),(38602,'Robin','Jones',54320,'1950-07-18\r'),(38861,'Gerald','James',14132,'1962-08-22\r'),(40351,'Sandra','Hayes',83395,'1976-06-14\r'),(41545,'Terry','Bailey',9534,'1977-03-08\r'),(41648,'Shawn','Clark',58007,'1967-06-22\r'),(42612,'Joe','Kelly',40840,'1991-08-13\r'),(43010,'Anthony','Bailey',72328,'1989-03-03\r'),(43705,'Louis','Bell',50159,'1957-05-23\r'),(44065,'Benjamin','Ramirez',15296,'1964-05-03\r'),(44459,'Gerald','Watson',55740,'1943-02-06\r'),(44637,'Susan','Carter',19590,'1958-07-18\r'),(44922,'Dennis','Flores',84560,'1968-03-18\r'),(45029,'Steve','Ward',78495,'1970-09-09\r'),(45960,'Jacqueline','Long',19411,'1958-01-24\r'),(46058,'Adam','Rivera',3622,'1972-08-15\r'),(46630,'Billy','Coleman',77001,'1988-02-10\r'),(46937,'Juan','Ward',84262,'1960-06-27\r'),(47953,'Frank','Martinez',3254,'1966-09-06\r'),(49747,'Philip','Brooks',83907,'1959-01-07\r'),(50742,'Louise','Wilson',96214,'1966-03-16\r'),(51850,'Victor','Doom',97412,'1980-01-19\r'),(52189,'Shawn','Sanders',13615,'1963-03-12\r'),(52622,'Maria','Morgan',20599,'1979-07-16\r'),(54446,'Kevin','Butler',17217,'1975-06-16\r'),(55146,'Mark','Jackson',42893,'1964-05-03\r'),(55194,'Kathleen','Morris',38549,'1983-06-01\r'),(55700,'Phillip','Edwards',99339,'1980-01-21\r'),(57796,'Ernest','Adams',75896,'1970-05-20\r'),(59366,'Susan','Smith',86045,'1987-09-17\r'),(60959,'Andrew','Jones',61289,'1970-06-19\r'),(61379,'Ryan','Williams',95170,'1958-10-13\r'),(61969,'Antonio','Henderson',84174,'1974-11-07\r'),(61976,'Wanda','Parker',20893,'1957-07-09\r'),(62312,'Phyllis','Lopez',92919,'1971-11-08\r'),(63772,'Mary','Powell',74194,'1995-09-16\r'),(63859,'Maria','Young',25995,'1984-09-24\r'),(64055,'Laura','Barnes',41159,'1974-03-17\r'),(64063,'Mark','Coleman',72382,'1946-04-01\r'),(65044,'Deborah','Hill',70455,'1954-09-16\r'),(65289,'Robin','Wright',18666,'1973-03-27\r'),(65441,'Arthur','Thompson',36915,'1991-01-19\r'),(66386,'Chris','Henderson',36786,'1957-11-09\r'),(66418,'Stephanie','Adams',46486,'1963-09-03\r'),(66744,'Rachel','Edwards',383,'1997-11-02\r'),(67384,'Lawrence','Brooks',40043,'1957-01-12\r'),(69101,'Ernest','Perez',59757,'1987-07-12\r'),(69256,'Jacqueline','Thomas',12945,'1970-01-02\r'),(70471,'Jason','Brown',53770,'1955-01-20\r'),(72583,'Clarence','Brown',95879,'1992-01-23\r'),(73386,'Arthur','Jones',57935,'1975-04-12\r'),(73562,'Jeremy','Stewart',73556,'1985-05-14\r'),(73925,'Doris','Powell',23250,'1962-07-14\r'),(75671,'Billy','Jones',47899,'1966-02-18\r'),(76786,'Roy','Hernandez',59788,'1977-09-10\r'),(77100,'Laura','Alexander',23477,'1953-07-09\r'),(78000,'Jimmy','Campbell',47558,'1964-05-01\r'),(78477,'Brian','Gray',71601,'1963-09-17\r'),(78990,'Katherine','Morris',79080,'1981-09-25\r'),(79601,'Joe','Sanders',95144,'1977-10-27\r'),(80315,'Roger','Turner',84919,'1964-09-12\r'),(80321,'Kimberly','Kelly',8431,'1965-10-06\r'),(81108,'Willie','Jones',61312,'1961-11-12\r'),(81263,'Anna','Cooper',67275,'1950-05-01\r'),(81495,'Jack','Wilson',70247,'1977-07-04\r'),(82244,'Douglas','Wright',29009,'1971-11-06\r'),(82333,'Charles','Smith',45443,'1972-08-16\r'),(82464,'Susan','Hayes',28953,'1974-07-10\r'),(83038,'Phillip','Taylor',58767,'1975-06-09\r'),(83620,'Carlos','Clark',77423,'1956-04-21\r'),(84873,'Cheryl','Parker',60586,'1970-08-08\r'),(85587,'Justin','Mitchell',38385,'1968-07-18\r'),(85981,'Sharon','Collins',99531,'1980-05-22\r'),(86357,'Andrew','Evans',59137,'1979-09-10\r'),(86858,'Carol','Alexander',56145,'1977-06-07\r'),(87013,'Patrick','Peterson',933,'1978-02-09\r'),(87416,'Jeffrey','Griffin',68812,'1955-03-18\r'),(87822,'Dennis','Long',2333,'1966-10-10\r'),(87978,'Christopher','Gonzalez',38594,'1950-04-13\r'),(88164,'Jimmy','Parker',30640,'1967-05-04\r'),(88375,'Randy','Mitchell',67895,'1960-04-01\r'),(89197,'Lawrence','Anderson',28761,'1953-07-16\r'),(89902,'Joe','Gonzalez',89692,'1972-02-11\r'),(90534,'Joseph','Murphy',16186,'1975-11-20\r'),(90649,'Helen','Morgan',98442,'1976-01-10\r'),(90667,'Carl','Murphy',19534,'1973-05-20\r'),(90798,'Aaron','Wilson',32312,'1988-02-17\r'),(91003,'Andrea','Clark',37052,'1981-09-04\r'),(91349,'Donna','Sanders',76164,'1982-01-19\r'),(91520,'Keith','Rivera',35711,'1958-10-27\r'),(91672,'Edward','Green',73689,'1973-03-25\r'),(92389,'Amy','Ross',12525,'2002-03-14\r'),(93300,'Bonnie','Johnson',69198,'1968-02-06\r'),(93791,'Evelyn','Scott',68832,'1967-01-15\r'),(93995,'Kevin','Morris',10867,'1966-09-23\r'),(96475,'Sean','Nelson',96216,'1962-10-12\r'),(96712,'Kimberly','Powell',65555,'1967-02-14\r'),(97121,'Justin','Martinez',24404,'1963-05-05\r'),(97216,'Dennis','Collins',89746,'1980-10-19\r'),(98826,'William','Adams',77570,'1984-04-02\r'),(98923,'Dennis','Reed',51381,'1965-06-07\r'),(99537,'Deborah','Hernandez',90211,'1978-10-08\r');
/*!40000 ALTER TABLE `Customer` ENABLE KEYS */;
UNLOCK TABLES;

--
-- Table structure for table `Employee`
--

DROP TABLE IF EXISTS `Employee`;
/*!40101 SET @saved_cs_client     = @@character_set_client */;
/*!40101 SET character_set_client = utf8 */;
CREATE TABLE `Employee` (
  `sin` int(11) NOT NULL,
  `firstName` varchar(20) DEFAULT NULL,
  `lastName` varchar(20) DEFAULT NULL,
  `salary` int(11) DEFAULT NULL,
  `branchNumber` int(11) DEFAULT NULL,
  PRIMARY KEY (`sin`),
  KEY `branchNumber` (`branchNumber`),
  CONSTRAINT `Employee_ibfk_1` FOREIGN KEY (`branchNumber`) REFERENCES `Branch` (`branchNumber`)
) ENGINE=InnoDB DEFAULT CHARSET=utf8;
/*!40101 SET character_set_client = @saved_cs_client */;

--
-- Dumping data for table `Employee`
--

LOCK TABLES `Employee` WRITE;
/*!40000 ALTER TABLE `Employee` DISABLE KEYS */;
INSERT INTO `Employee` VALUES (11285,'Rebecca','Simmons',93779,3),(11499,'John','Bailey',27769,4),(14209,'Stephen','Coleman',36784,3),(14295,'Anne','Ramirez',44495,5),(15153,'Louise','Alexander',32204,4),(17301,'Rose','Moore',45103,5),(17323,'Todd','Ross',14018,2),(23528,'Lisa','Russell',94974,3),(24065,'Diana','Hernandez',25870,1),(24469,'Frank','Rodriguez',13950,1),(24901,'Charles','Clark',32470,3),(25902,'Gerald','Cook',14334,3),(27004,'Steven','Johnson',69842,3),(28453,'Margaret','White',75146,1),(29474,'Amanda','White',59360,1),(30513,'Timothy','Perez',78839,1),(30807,'Roy','Morris',40753,2),(31964,'Victor','Doom',90483,3),(33743,'Jacqueline','Scott',70396,4),(34532,'Jacqueline','Reed',35173,2),(37490,'Steven','Rivera',23082,1),(38351,'Victor','Perez',86093,3),(40900,'Chris','Garcia',77533,3),(41545,'Terry','Bailey',9534,4),(42182,'Denise','Jenkins',60059,3),(44459,'Gerald','Watson',55740,5),(45676,'Martha','Cook',41201,1),(48264,'Phyllis','Lee',52031,1),(49024,'Robin','Garcia',3349,4),(49069,'Joshua','Russell',7600,4),(51850,'Victor','Doom',87242,2),(52020,'Katherine','Miller',43128,5),(55146,'Mark','Jackson',42893,1),(55194,'Kathleen','Morris',38549,2),(55700,'Phillip','Edwards',99289,1),(57796,'Ernest','Adams',75896,3),(58707,'Clarence','Watson',85934,1),(58844,'Richard','Griffin',30403,4),(59653,'Wanda','Thompson',49066,3),(60822,'Gerald','Diaz',59709,2),(63772,'Mary','Powell',74194,2),(63963,'Cheryl','Thompson',71284,5),(68006,'Stephen','Ross',73264,1),(68383,'Lisa','Scott',65722,4),(70163,'Craig','Lewis',25389,4),(71076,'Judy','Perry',13393,3),(73386,'Arthur','Jones',57935,2),(76576,'Martha','Hill',23540,4),(77100,'Laura','Alexander',23477,4),(78993,'Lori','Walker',10953,3),(79162,'Kimberly','Howard',27531,3),(79510,'Nicholas','Hernandez',84199,1),(81108,'Willie','Jones',61312,2),(81126,'Steve','Campbell',71185,5),(81263,'Anna','Cooper',67275,3),(81302,'Sara','Hernandez',29426,4),(82076,'Andrea','Wood',25328,3),(82244,'Douglas','Wright',29009,1),(82333,'Charles','Smith',45443,4),(82464,'Susan','Hayes',28953,1),(82495,'Amanda','Butler',35868,1),(85587,'Justin','Mitchell',38385,1),(85925,'Lisa','Moore',15370,1),(86032,'Shirley','Collins',42301,1),(86213,'Beverly','Martinez',85853,2),(90368,'Theresa','King',19403,3),(90667,'Carl','Murphy',19534,3),(91712,'Victor','Doom',9491,2),(92389,'Amy','Ross',12525,5),(92400,'Tina','Cook',44853,3),(93942,'Wayne','Hill',12065,3),(95246,'David','Garcia',98773,2),(95429,'Cheryl','White',51003,4),(96443,'Ernest','Perez',19971,4),(97216,'Dennis','Collins',89746,1),(97976,'Clarence','Peterson',32400,1),(98119,'Gregory','Long',66863,2),(99537,'Deborah','Hernandez',90211,4);
/*!40000 ALTER TABLE `Employee` ENABLE KEYS */;
UNLOCK TABLES;

--
-- Table structure for table `Owns`
--

DROP TABLE IF EXISTS `Owns`;
/*!40101 SET @saved_cs_client     = @@character_set_client */;
/*!40101 SET character_set_client = utf8 */;
CREATE TABLE `Owns` (
  `customerID` int(11) NOT NULL,
  `accNumber` int(11) NOT NULL,
  PRIMARY KEY (`customerID`,`accNumber`),
  KEY `accNumber` (`accNumber`),
  CONSTRAINT `Owns_ibfk_1` FOREIGN KEY (`customerID`) REFERENCES `Customer` (`customerID`),
  CONSTRAINT `Owns_ibfk_2` FOREIGN KEY (`accNumber`) REFERENCES `Account` (`accNumber`)
) ENGINE=InnoDB DEFAULT CHARSET=utf8;
/*!40101 SET character_set_client = @saved_cs_client */;

--
-- Dumping data for table `Owns`
--

LOCK TABLES `Owns` WRITE;
/*!40000 ALTER TABLE `Owns` DISABLE KEYS */;
INSERT INTO `Owns` VALUES (11790,1),(44459,2),(38861,3),(81263,4),(89902,4),(28505,5),(52189,6),(33913,7),(66418,8),(91672,8),(46937,9),(78477,9),(27954,10),(99537,11),(98826,12),(88375,13),(90798,13),(90649,14),(10839,15),(80315,16),(44922,17),(84873,18),(22050,19),(87978,20),(87416,21),(88375,22),(86357,23),(11790,24),(35380,24),(96475,25),(59366,26),(79601,26),(34069,27),(45960,28),(27004,29),(90667,30),(73386,31),(41545,32),(27004,33),(18166,34),(51850,35),(59366,36),(67384,37),(13697,38),(38351,39),(98923,40),(16837,41),(96712,42),(88375,43),(93791,44),(11696,45),(93791,46),(13874,47),(47953,48),(89902,48),(78477,49),(87978,50),(41545,51),(79601,52),(52189,53),(59366,54),(69101,55),(44922,56),(81108,56),(30807,57),(59366,57),(90798,57),(30622,58),(82244,59),(29474,60),(66744,60),(62312,61),(52189,62),(69101,63),(73925,63),(75671,63),(59366,64),(67384,65),(73386,66),(97121,67),(27954,68),(44637,69),(27004,70),(90534,71),(92389,72),(81263,73),(38602,74),(79601,75),(50742,76),(50742,77),(89902,78),(52189,79),(93300,80),(30622,81),(86357,81),(13874,82),(19308,82),(55146,83),(82244,84),(29474,85),(82464,86),(86357,86),(13423,87),(85587,87),(97216,88),(28453,89),(63772,90),(30807,91),(81108,92),(55194,93),(73386,94),(38351,95),(52622,95),(27004,96),(90667,97),(81263,98),(57796,99),(92389,100),(99537,100),(77100,101),(41545,102),(82333,103),(44459,104),(92389,105),(14295,106),(50742,107),(97216,108),(44065,109),(46058,110),(79601,110),(35059,111),(66386,112),(63859,113),(98826,114),(47953,115),(62312,116),(65044,117),(34069,118),(30807,119),(88164,120),(80321,121),(81108,121),(81263,122),(40351,123),(69256,123),(65441,124),(30525,125),(40351,126),(73562,127),(80315,128),(51850,129),(72583,130),(69256,131),(33726,132),(44922,133),(63772,134),(41648,135),(89197,136),(13230,137),(83620,138),(40351,139),(19973,140),(84873,141),(37716,142),(49747,142),(73925,143),(61969,144),(87013,145),(80321,146),(90798,146),(13697,147),(59366,148),(87822,149),(11790,150),(61379,151),(69256,151),(59366,152),(49747,153),(25052,154),(93791,155),(30807,156),(30622,157),(81263,157),(38351,158),(93995,159),(46630,160),(51850,161),(84873,162),(98923,163),(78477,164),(79601,165),(93300,166),(61976,167),(64063,167),(96712,168),(25052,169),(76786,170),(25052,171),(25052,172),(28453,173),(11799,174),(87822,175),(89197,176),(34069,177),(82333,178),(65044,179),(93995,180),(65441,181),(42612,182),(51850,182),(91520,183),(73925,184),(85587,184),(69256,185),(37716,186),(16837,187),(44922,188),(38351,189),(77100,190),(84873,191),(43705,192),(44065,193),(92389,193),(75671,194),(81263,195),(20287,196),(16837,197),(91349,198),(80315,199),(64063,200),(30525,201),(13230,202),(81495,203),(18166,204),(33850,204),(60959,205),(44922,206),(81108,207),(57796,208),(85981,209),(96712,210),(89902,211),(16837,212),(35059,213),(96712,214),(91672,215),(33133,216),(35780,217),(34069,218),(62312,219),(88164,220),(22050,221),(20287,222),(67384,223),(93300,224),(42612,225),(90667,226),(35059,227),(38861,228),(66386,229),(77100,230),(30807,231),(13874,232),(90667,233),(19308,234),(67384,234),(61976,235),(43705,236),(83038,237),(93791,238),(27954,239),(36238,240),(20287,241),(25159,242),(33726,243),(99537,243),(93995,244),(14295,245),(46058,245),(13423,246),(90649,247),(38861,248),(52189,249),(23010,250),(13697,251),(41545,252),(65441,252),(73386,253),(77100,253),(32422,254),(46630,255),(33850,256),(52622,257),(90649,258),(83620,259),(19308,260),(33913,260),(62312,261),(92389,262),(33133,263),(35059,264),(61976,265),(82333,266),(90667,267),(92389,268),(65441,269),(25159,270),(30525,270),(27004,271),(50742,272),(14295,273),(69101,273),(99537,274),(87822,275),(91520,276),(87822,277),(66418,278),(44922,279),(92389,280),(99537,281),(32422,282),(64055,283),(86858,284),(87978,285),(88375,286),(33726,287),(35780,288),(38003,289),(25052,290),(52189,290),(63859,291),(89197,292),(29474,293),(47953,293),(38861,294),(33133,295),(10839,296),(25052,297),(93300,298);
/*!40000 ALTER TABLE `Owns` ENABLE KEYS */;
UNLOCK TABLES;

--
-- Table structure for table `Transactions`
--

DROP TABLE IF EXISTS `Transactions`;
/*!40101 SET @saved_cs_client     = @@character_set_client */;
/*!40101 SET character_set_client = utf8 */;
CREATE TABLE `Transactions` (
  `accNumber` int(11) NOT NULL,
  `transNumber` int(11) NOT NULL,
  `amount` text,
  PRIMARY KEY (`accNumber`,`transNumber`),
  CONSTRAINT `Transactions_ibfk_1` FOREIGN KEY (`accNumber`) REFERENCES `Account` (`accNumber`)
) ENGINE=InnoDB DEFAULT CHARSET=utf8;
/*!40101 SET character_set_client = @saved_cs_client */;

--
-- Dumping data for table `Transactions`
--

LOCK TABLES `Transactions` WRITE;
/*!40000 ALTER TABLE `Transactions` DISABLE KEYS */;
INSERT INTO `Transactions` VALUES (1,1,'109587.15\r'),(1,2,'3267.9\r'),(1,3,'3833.03\r'),(1,4,'-1931.67\r'),(1,5,'698.95\r'),(1,6,'576.99\r'),(1,7,'-522.09\r'),(1,8,'1296.44\r'),(1,9,'-1326.49\r'),(1,10,'727.73\r'),(1,11,'2023.19\r'),(2,1,'100002.19\r'),(2,2,'2456.75\r'),(2,3,'-872.13\r'),(2,4,'-385.42\r'),(2,5,'796.59\r'),(2,6,'-661.25\r'),(2,7,'-693.46\r'),(2,8,'-797.3\r'),(2,9,'125.18\r'),(2,10,'-1210\r'),(2,11,'620.21\r'),(2,12,'1426.67\r'),(3,1,'74568.53\r'),(3,2,'-1580.83\r'),(3,3,'2252.95\r'),(3,4,'367.74\r'),(3,5,'-823.23\r'),(3,6,'2445.96\r'),(4,1,'104550.76\r'),(4,2,'740.54\r'),(4,3,'208.96\r'),(4,4,'2319.7\r'),(4,5,'-1316.36\r'),(5,1,'101945.4\r'),(5,2,'1907.51\r'),(5,3,'-1290.71\r'),(5,4,'754.31\r'),(5,5,'-1019.26\r'),(5,6,'540.83\r'),(5,7,'-1359.05\r'),(5,8,'1680.28\r'),(5,9,'1580.74\r'),(5,10,'955.99\r'),(6,1,'104247.4\r'),(6,2,'-1071.92\r'),(6,3,'375.56\r'),(6,4,'-119.23\r'),(6,5,'2849.68\r'),(6,6,'175.6\r'),(6,7,'852.14\r'),(7,1,'87687.35\r'),(7,2,'3931.77\r'),(7,3,'-693.49\r'),(7,4,'700.07\r'),(7,5,'-791.93\r'),(7,6,'1487.02\r'),(7,7,'3037.94\r'),(8,1,'114680.63\r'),(8,2,'3695.02\r'),(8,3,'2477.94\r'),(8,4,'-220.38\r'),(8,5,'743.57\r'),(8,6,'-1914.9\r'),(8,7,'478.05\r'),(8,8,'-268.38\r'),(8,9,'2592.98\r'),(8,10,'-1496.28\r'),(8,11,'-593.43\r'),(8,12,'1092.72\r'),(9,1,'114869.79\r'),(9,2,'-767.19\r'),(9,3,'2643.22\r'),(9,4,'2970.19\r'),(9,5,'795.8\r'),(9,6,'3621.45\r'),(9,7,'845.75\r'),(9,8,'-1455.07\r'),(9,9,'-1664.98\r'),(9,10,'-1087.66\r'),(9,11,'991.56\r'),(9,12,'3904.03\r'),(9,13,'-191.35\r'),(9,14,'3884.84\r'),(9,15,'2910.85\r'),(10,1,'61295.85\r'),(10,2,'1596.38\r'),(10,3,'3084.12\r'),(10,4,'-779.15\r'),(10,5,'3787.96\r'),(10,6,'3682.28\r'),(11,1,'77146\r'),(11,2,'3398.98\r'),(11,3,'3479.26\r'),(11,4,'-1888.39\r'),(11,5,'-1442.62\r'),(11,6,'3445.2\r'),(11,7,'3923.53\r'),(11,8,'2281.07\r'),(12,1,'72310.58\r'),(12,2,'3160.09\r'),(12,3,'2153.35\r'),(12,4,'1348.03\r'),(12,5,'-87.53\r'),(12,6,'-1876.62\r'),(12,7,'618.86\r'),(13,1,'108440.2\r'),(13,2,'1770.56\r'),(13,3,'2587.99\r'),(13,4,'-292.91\r'),(14,1,'69996.29\r'),(14,2,'-690.53\r'),(14,3,'-1459.96\r'),(14,4,'2352.03\r'),(14,5,'-1498.07\r'),(14,6,'414.9\r'),(14,7,'3659.32\r'),(14,8,'2295.61\r'),(14,9,'-1614.49\r'),(15,1,'79218.74\r'),(15,2,'-1966.85\r'),(15,3,'-1331.24\r'),(15,4,'1337.08\r'),(15,5,'968.3\r'),(16,1,'72546.54\r'),(16,2,'19.1\r'),(16,3,'446.21\r'),(16,4,'-1757.14\r'),(16,5,'2700.54\r'),(16,6,'2538.35\r'),(16,7,'-1102.96\r'),(17,1,'103431.57\r'),(17,2,'1129.11\r'),(17,3,'-384.25\r'),(17,4,'-1160.67\r'),(17,5,'383.74\r'),(17,6,'-1245.67\r'),(17,7,'-1726.53\r'),(17,8,'-1149.08\r'),(17,9,'2561.42\r'),(17,10,'1092.97\r'),(17,11,'423.46\r'),(18,1,'103802.18\r'),(18,2,'1588.38\r'),(18,3,'-1161.43\r'),(18,4,'-649.44\r'),(19,1,'81693.82\r'),(19,2,'-1716.45\r'),(19,3,'1455.25\r'),(19,4,'1.29\r'),(19,5,'-1546.79\r'),(19,6,'1737.19\r'),(19,7,'800.38\r'),(19,8,'-846.87\r'),(19,9,'-1118.63\r'),(19,10,'2973.33\r'),(20,1,'108278.46\r'),(20,2,'-1950.06\r'),(20,3,'-1752.16\r'),(20,4,'-1439.53\r'),(20,5,'1681.4\r'),(20,6,'2946.85\r'),(20,7,'-494.37\r'),(21,1,'60323.48\r'),(21,2,'-1635.64\r'),(21,3,'-451.17\r'),(21,4,'-849.74\r'),(21,5,'3409.44\r'),(21,6,'291.95\r'),(22,1,'73160.22\r'),(22,2,'3375.51\r'),(22,3,'-13.01\r'),(22,4,'-239.9\r'),(22,5,'484.18\r'),(22,6,'2161.42\r'),(23,1,'66681.54\r'),(23,2,'2789.76\r'),(23,3,'1119.39\r'),(23,4,'3788.31\r'),(23,5,'1032.06\r'),(23,6,'3768.14\r'),(23,7,'3699.35\r'),(23,8,'1419.03\r'),(23,9,'2260.12\r'),(24,1,'87898.67\r'),(24,2,'2657.39\r'),(24,3,'2066.16\r'),(24,4,'1421.16\r'),(24,5,'-896.14\r'),(24,6,'7.67\r'),(25,1,'109068.54\r'),(25,2,'-1173.09\r'),(25,3,'-1810.09\r'),(25,4,'-155.78\r'),(25,5,'-775.89\r'),(25,6,'-271.05\r'),(25,7,'1114.43\r'),(26,1,'104346.46\r'),(26,2,'3226.69\r'),(26,3,'2859.92\r'),(26,4,'-918.67\r'),(26,5,'53.19\r'),(26,6,'2478.77\r'),(27,1,'73921.87\r'),(27,2,'2251.12\r'),(27,3,'-754.23\r'),(27,4,'564.06\r'),(27,5,'2659.75\r'),(27,6,'893.89\r'),(27,7,'1625.62\r'),(28,1,'102680.84\r'),(28,2,'-363.69\r'),(28,3,'3873.65\r'),(28,4,'-292.2\r'),(28,5,'-654.81\r'),(28,6,'3874.28\r'),(28,7,'3499.9\r'),(29,1,'83788.17\r'),(29,2,'511.4\r'),(29,3,'3165.78\r'),(29,4,'742.82\r'),(29,5,'1536.39\r'),(29,6,'2493.89\r'),(29,7,'1230.28\r'),(29,8,'618.59\r'),(30,1,'60223.66\r'),(30,2,'-165.03\r'),(30,3,'1709.02\r'),(30,4,'657.89\r'),(30,5,'929.53\r'),(31,1,'110249.28\r'),(31,2,'-574.06\r'),(31,3,'426.68\r'),(31,4,'759.27\r'),(31,5,'1544.38\r'),(31,6,'-392.53\r'),(31,7,'-1925.48\r'),(31,8,'2484.58\r'),(31,9,'376.58\r'),(31,10,'-1738.81\r'),(32,1,'70648.44\r'),(32,2,'1360.47\r'),(32,3,'-870.44\r'),(32,4,'-95.9\r'),(32,5,'1532.74\r'),(32,6,'2008.34\r'),(32,7,'3732.75\r'),(32,8,'1987.02\r'),(32,9,'1916.67\r'),(32,10,'1188.1\r'),(33,1,'61304.48\r'),(33,2,'-721.77\r'),(33,3,'2627.9\r'),(33,4,'2767.7\r'),(33,5,'455.76\r'),(33,6,'-386.02\r'),(33,7,'2253.7\r'),(33,8,'-1134.41\r'),(33,9,'-920.07\r'),(33,10,'1889.8\r'),(33,11,'-1492.9\r'),(34,1,'68148.46\r'),(34,2,'2357.38\r'),(34,3,'3148.74\r'),(34,4,'1811.17\r'),(34,5,'893.01\r'),(34,6,'-419.55\r'),(34,7,'241.93\r'),(34,8,'432.26\r'),(34,9,'678.06\r'),(35,1,'71961.77\r'),(35,2,'3225.24\r'),(35,3,'538.35\r'),(35,4,'-174.91\r'),(35,5,'-1878.5\r'),(35,6,'-1692.16\r'),(35,7,'329.81\r'),(35,8,'1923.73\r'),(35,9,'1398.13\r'),(35,10,'1583.02\r'),(36,1,'58765.36\r'),(36,2,'-1526.02\r'),(36,3,'-219.52\r'),(36,4,'2402.96\r'),(36,5,'2002.72\r'),(36,6,'326.8\r'),(36,7,'900.91\r'),(36,8,'-1514.25\r'),(36,9,'3353.72\r'),(36,10,'915.1\r'),(36,11,'252.6\r'),(36,12,'-177.7\r'),(37,1,'9182.67\r'),(37,2,'2769.68\r'),(37,3,'-1497.29\r'),(37,4,'2655.61\r'),(37,5,'-1689.44\r'),(37,6,'-101.28\r'),(37,7,'-1898.42\r'),(38,1,'76980.7\r'),(38,2,'-1994.3\r'),(38,3,'3144.96\r'),(38,4,'896.95\r'),(38,5,'3404.15\r'),(39,1,'51564.56\r'),(39,2,'951.52\r'),(39,3,'3895.46\r'),(39,4,'2114.03\r'),(39,5,'-659.89\r'),(39,6,'1839.35\r'),(39,7,'3921.5\r'),(39,8,'964.93\r'),(39,9,'3373.47\r'),(39,10,'907.14\r'),(39,11,'811.05\r'),(39,12,'3006.57\r'),(39,13,'-1577.39\r'),(39,14,'2102.11\r'),(40,1,'76617.73\r'),(40,2,'123.95\r'),(40,3,'-1703.33\r'),(40,4,'-1924.31\r'),(40,5,'165.02\r'),(40,6,'-1197.07\r'),(40,7,'-573.74\r'),(40,8,'911.43\r'),(41,1,'57104.93\r'),(41,2,'-1626\r'),(41,3,'-67.89\r'),(41,4,'-194.76\r'),(41,5,'799.37\r'),(41,6,'2041.68\r'),(41,7,'-1875.83\r'),(41,8,'1298.02\r'),(41,9,'356.12\r'),(42,1,'8773.89\r'),(42,2,'1302.25\r'),(42,3,'2245.1\r'),(42,4,'270.89\r'),(42,5,'3165.4\r'),(42,6,'-730.09\r'),(43,1,'69116.19\r'),(43,2,'1389.73\r'),(43,3,'829.97\r'),(43,4,'2892.93\r'),(43,5,'-93.8\r'),(43,6,'1632.28\r'),(43,7,'3787.45\r'),(43,8,'2473.3\r'),(44,1,'56927\r'),(44,2,'3204.66\r'),(44,3,'1847.23\r'),(44,4,'100.85\r'),(44,5,'1509.76\r'),(44,6,'2040.41\r'),(44,7,'2889.13\r'),(44,8,'1139.21\r'),(45,1,'78925.11\r'),(45,2,'2308.88\r'),(45,3,'2058.11\r'),(45,4,'2971.93\r'),(45,5,'1399.28\r'),(45,6,'-884.63\r'),(45,7,'-1843.02\r'),(45,8,'801.42\r'),(46,1,'12558.82\r'),(46,2,'-454.32\r'),(46,3,'-1184.69\r'),(46,4,'3735.6\r'),(46,5,'2614.73\r'),(46,6,'2392.83\r'),(46,7,'-1942.7\r'),(46,8,'2926.62\r'),(46,9,'572.22\r'),(46,10,'3578.64\r'),(46,11,'-1111.55\r'),(46,12,'3843.88\r'),(46,13,'2705.84\r'),(47,1,'8645.54\r'),(47,2,'977.66\r'),(47,3,'3806.47\r'),(47,4,'2375.42\r'),(47,5,'3620.05\r'),(48,1,'52843.66\r'),(48,2,'828.66\r'),(48,3,'149.5\r'),(48,4,'2013.36\r'),(48,5,'1306.05\r'),(48,6,'358.15\r'),(48,7,'3355.33\r'),(48,8,'1472.03\r'),(48,9,'1089.61\r'),(49,1,'67597.17\r'),(49,2,'1506.18\r'),(49,3,'1418.23\r'),(49,4,'2621.6\r'),(49,5,'-135.13\r'),(49,6,'3228.39\r'),(49,7,'3542.2\r'),(49,8,'3999.53\r'),(49,9,'3779.67\r'),(50,1,'581.46\r'),(50,2,'246.09\r'),(50,3,'1148.64\r'),(50,4,'-620.07\r'),(50,5,'-1263.5\r'),(50,6,'-639.72\r'),(50,7,'448.3\r'),(50,8,'2900.46\r'),(50,9,'3284.34\r'),(51,1,'36889.09\r'),(51,2,'3672.42\r'),(51,3,'-1981.85\r'),(51,4,'-570.23\r'),(51,5,'2217.43\r'),(51,6,'3896.17\r'),(51,7,'1573.39\r'),(51,8,'96.92\r'),(52,1,'13508.99\r'),(52,2,'3832.69\r'),(52,3,'-1047.28\r'),(52,4,'-1615.33\r'),(52,5,'-688.55\r'),(52,6,'2333.43\r'),(52,7,'1637.61\r'),(52,8,'2428.23\r'),(52,9,'3458.81\r'),(53,1,'38562.76\r'),(53,2,'731.83\r'),(53,3,'50.31\r'),(53,4,'3420.07\r'),(53,5,'-175.85\r'),(53,6,'202.12\r'),(53,7,'1740.27\r'),(53,8,'-852.67\r'),(53,9,'-358.04\r'),(53,10,'3586.9\r'),(53,11,'2193.36\r'),(54,1,'46373.47\r'),(54,2,'-1751.78\r'),(54,3,'2841.42\r'),(54,4,'1064.78\r'),(54,5,'-718.1\r'),(54,6,'2012.46\r'),(54,7,'-1439.07\r'),(55,1,'35276.6\r'),(55,2,'3857.55\r'),(55,3,'2641.63\r'),(55,4,'2014.79\r'),(55,5,'2314.25\r'),(55,6,'2057.53\r'),(55,7,'1551.48\r'),(56,1,'86869.57\r'),(56,2,'-1651.48\r'),(56,3,'1693.17\r'),(56,4,'3226.41\r'),(56,5,'3707.43\r'),(56,6,'1555.95\r'),(56,7,'2154.16\r'),(57,1,'76179.46\r'),(57,2,'2052.8\r'),(57,3,'2682.03\r'),(57,4,'-1134.36\r'),(57,5,'2123.13\r'),(57,6,'35.17\r'),(57,7,'149.52\r'),(57,8,'-733.92\r'),(57,9,'1158.74\r'),(58,1,'53577.61\r'),(58,2,'209.7\r'),(58,3,'153.55\r'),(58,4,'-1184.17\r'),(58,5,'2534.03\r'),(58,6,'-1484.6\r'),(58,7,'3812.2\r'),(58,8,'509.39\r'),(59,1,'91590.92\r'),(59,2,'2708.79\r'),(59,3,'1906.42\r'),(59,4,'526.17\r'),(59,5,'2441.23\r'),(59,6,'3366.58\r'),(59,7,'3296.69\r'),(59,8,'2581.57\r'),(59,9,'215.57\r'),(59,10,'787.81\r'),(59,11,'1645.25\r'),(59,12,'2038.82\r'),(59,13,'-958.42\r'),(59,14,'451.58\r'),(59,15,'-64.67\r'),(60,1,'42130.36\r'),(60,2,'394.17\r'),(60,3,'1338.8\r'),(60,4,'2987.56\r'),(60,5,'1614.83\r'),(60,6,'1557.26\r'),(60,7,'2427.55\r'),(60,8,'-1209.33\r'),(60,9,'2774.68\r'),(60,10,'-530.84\r'),(61,1,'361.37\r'),(61,2,'3417.98\r'),(61,3,'3906.89\r'),(61,4,'225.98\r'),(61,5,'-1313.4\r'),(61,6,'2976.54\r'),(61,7,'2174.39\r'),(62,1,'33458.23\r'),(62,2,'1284.11\r'),(62,3,'554.07\r'),(62,4,'-1209.85\r'),(62,5,'1418.06\r'),(62,6,'-1341.99\r'),(62,7,'904.28\r'),(62,8,'-1586.42\r'),(62,9,'3222.05\r'),(63,1,'56121.48\r'),(63,2,'-450.99\r'),(63,3,'1018.14\r'),(63,4,'482.87\r'),(63,5,'1194.3\r'),(63,6,'-1330.54\r'),(64,1,'82145.19\r'),(64,2,'-244.16\r'),(64,3,'3223.99\r'),(64,4,'-1262.43\r'),(64,5,'1273.62\r'),(64,6,'2679.48\r'),(65,1,'47822.11\r'),(65,2,'3201.08\r'),(65,3,'538.11\r'),(65,4,'-559.46\r'),(65,5,'2746.55\r'),(65,6,'3040.45\r'),(65,7,'2454.04\r'),(65,8,'2157.22\r'),(66,1,'34548.21\r'),(66,2,'-298.43\r'),(66,3,'-1411.64\r'),(66,4,'-1534.18\r'),(66,5,'2425.59\r'),(66,6,'-1459.1\r'),(66,7,'359.17\r'),(66,8,'3609.23\r'),(66,9,'3769.68\r'),(67,1,'87446.33\r'),(67,2,'959.93\r'),(67,3,'3740.2\r'),(67,4,'-1.61\r'),(67,5,'1739.75\r'),(68,1,'33217\r'),(68,2,'-704.36\r'),(68,3,'-1874.17\r'),(68,4,'3409.29\r'),(68,5,'3701.06\r'),(69,1,'19195.34\r'),(69,2,'-1120.48\r'),(69,3,'-113.02\r'),(69,4,'-1927.82\r'),(69,5,'2857.24\r'),(69,6,'2432.83\r'),(69,7,'-1214.14\r'),(69,8,'-1937.07\r'),(70,1,'34215.33\r'),(70,2,'-483.99\r'),(70,3,'-940.81\r'),(70,4,'-1278.22\r'),(70,5,'1996.78\r'),(70,6,'232.73\r'),(70,7,'-535.43\r'),(70,8,'275.63\r'),(70,9,'115.06\r'),(70,10,'119.21\r'),(71,1,'53956.77\r'),(71,2,'-1156.03\r'),(71,3,'-180.3\r'),(72,1,'55016.11\r'),(72,2,'117.01\r'),(72,3,'3981.19\r'),(72,4,'-164.73\r'),(72,5,'194.11\r'),(72,6,'-1755.73\r'),(72,7,'-1661.3\r'),(72,8,'3111.26\r'),(72,9,'243.32\r'),(72,10,'1810.67\r'),(72,11,'-680.22\r'),(72,12,'-614.51\r'),(73,1,'19496.87\r'),(73,2,'3008.74\r'),(73,3,'-1106.17\r'),(73,4,'-236.74\r'),(73,5,'3091.36\r'),(73,6,'2380.95\r'),(73,7,'1465.57\r'),(73,8,'592.04\r'),(73,9,'-1561.72\r'),(74,1,'53845.77\r'),(74,2,'22.71\r'),(74,3,'-406.23\r'),(74,4,'-263.8\r'),(74,5,'2073.55\r'),(74,6,'3537.53\r'),(74,7,'752.29\r'),(74,8,'2599.28\r'),(74,9,'3682.32\r'),(74,10,'523.15\r'),(74,11,'2025.45\r'),(74,12,'1909.53\r'),(75,1,'9887.84\r'),(75,2,'3490.46\r'),(75,3,'814.27\r'),(75,4,'-759.79\r'),(75,5,'611.04\r'),(76,1,'83354.2\r'),(76,2,'1968.19\r'),(76,3,'971.68\r'),(76,4,'-1768.27\r'),(76,5,'-723.77\r'),(76,6,'3192.92\r'),(77,1,'74642.25\r'),(77,2,'3271.51\r'),(77,3,'1940.82\r'),(77,4,'3811.63\r'),(77,5,'1530.99\r'),(77,6,'3311.52\r'),(77,7,'3698.65\r'),(78,1,'69868.35\r'),(78,2,'247.78\r'),(78,3,'262.94\r'),(78,4,'9.8\r'),(78,5,'633.02\r'),(78,6,'-1681.61\r'),(78,7,'-25.98\r'),(78,8,'3173.08\r'),(78,9,'254.83\r'),(79,1,'44568.86\r'),(79,2,'-384.55\r'),(79,3,'432.32\r'),(79,4,'2981.49\r'),(79,5,'3447.35\r'),(79,6,'-1641.07\r'),(80,1,'14192.68\r'),(80,2,'-801.69\r'),(80,3,'204.75\r'),(80,4,'-1288.38\r'),(80,5,'537.15\r'),(80,6,'1107.52\r'),(80,7,'-377.18\r'),(81,1,'99712.38\r'),(81,2,'1817.76\r'),(81,3,'3774.13\r'),(81,4,'-1576.19\r'),(81,5,'1081.22\r'),(81,6,'1439.07\r'),(81,7,'-492.17\r'),(81,8,'-816.1\r'),(81,9,'2189.37\r'),(82,1,'32204.53\r'),(82,2,'186.42\r'),(82,3,'950.31\r'),(82,4,'-1925.67\r'),(82,5,'-1028.83\r'),(82,6,'-1143.03\r'),(82,7,'505.77\r'),(82,8,'-286.36\r'),(82,9,'-1585.7\r'),(82,10,'2234.41\r'),(82,11,'1812.71\r'),(82,12,'-1019.28\r'),(82,13,'-679.84\r'),(82,14,'-700.13\r'),(83,1,'65268.73\r'),(83,2,'-782.18\r'),(83,3,'387.52\r'),(83,4,'3591.75\r'),(83,5,'-463.3\r'),(83,6,'3107.97\r'),(83,7,'1723.84\r'),(83,8,'3579.37\r'),(84,1,'7457.73\r'),(84,2,'-57.9\r'),(84,3,'-1265.6\r'),(84,4,'-697.98\r'),(84,5,'3235.22\r'),(84,6,'1107.58\r'),(84,7,'-1589.59\r'),(84,8,'344.04\r'),(85,1,'63953.12\r'),(85,2,'3635.23\r'),(85,3,'441.82\r'),(85,4,'-350.37\r'),(85,5,'-763.88\r'),(85,6,'2560.8\r'),(86,1,'37575.23\r'),(86,2,'2776.1\r'),(86,3,'-492.67\r'),(86,4,'125.56\r'),(86,5,'2891.22\r'),(86,6,'3857.58\r'),(86,7,'-342.36\r'),(86,8,'3994.25\r'),(86,9,'452.17\r'),(87,1,'24812.22\r'),(87,2,'2191.28\r'),(87,3,'2245.61\r'),(87,4,'1854.48\r'),(88,1,'8619.37\r'),(88,2,'329.34\r'),(88,3,'-1466.2\r'),(88,4,'-1573.26\r'),(88,5,'-1597.59\r'),(88,6,'239.01\r'),(88,7,'1644.21\r'),(88,8,'-1631.51\r'),(89,1,'79760.09\r'),(89,2,'794.96\r'),(89,3,'1036.5\r'),(89,4,'1973.54\r'),(89,5,'-688.79\r'),(89,6,'662.71\r'),(89,7,'-726.57\r'),(89,8,'3704.18\r'),(89,9,'2971.2\r'),(89,10,'3425.6\r'),(89,11,'2517.91\r'),(89,12,'1313.33\r'),(89,13,'712.48\r'),(90,1,'26596.14\r'),(90,2,'-1872.94\r'),(90,3,'1521.16\r'),(90,4,'2669.31\r'),(90,5,'2138.56\r'),(90,6,'-1178.35\r'),(90,7,'1890.78\r'),(90,8,'-1949.79\r'),(90,9,'3731.23\r'),(90,10,'1949.73\r'),(90,11,'-1538.67\r'),(90,12,'991.08\r'),(90,13,'-1416\r'),(90,14,'19.27\r'),(91,1,'57416.62\r'),(91,2,'-750.99\r'),(91,3,'-780.72\r'),(91,4,'1945.25\r'),(91,5,'3666.68\r'),(91,6,'1034.57\r'),(92,1,'63695.53\r'),(92,2,'2127.43\r'),(92,3,'218.54\r'),(92,4,'676.33\r'),(92,5,'2133.49\r'),(92,6,'-1720.27\r'),(92,7,'3865.32\r'),(92,8,'-681.76\r'),(92,9,'-1486.6\r'),(92,10,'1134.5\r'),(92,11,'1590.03\r'),(93,1,'69219.67\r'),(93,2,'1566.91\r'),(93,3,'-450.37\r'),(93,4,'2409.42\r'),(93,5,'3665.34\r'),(93,6,'-732.9\r'),(93,7,'772.73\r'),(93,8,'2867.25\r'),(93,9,'324.93\r'),(94,1,'65103.25\r'),(94,2,'1313.41\r'),(94,3,'2002.41\r'),(94,4,'752.19\r'),(94,5,'2671.51\r'),(94,6,'2418.21\r'),(95,1,'8876.53\r'),(95,2,'3186.4\r'),(95,3,'3072.78\r'),(95,4,'2895.24\r'),(95,5,'1519.23\r'),(95,6,'1763.29\r'),(95,7,'-606.48\r'),(95,8,'-1088.66\r'),(95,9,'3123.59\r'),(96,1,'24087.92\r'),(96,2,'2548.54\r'),(96,3,'3902.39\r'),(96,4,'2209.6\r'),(96,5,'2671\r'),(96,6,'2996.77\r'),(96,7,'-1487.59\r'),(96,8,'-1863.22\r'),(96,9,'-115.15\r'),(96,10,'-1541.63\r'),(96,11,'1973.91\r'),(96,12,'1672.61\r'),(97,1,'7361.42\r'),(97,2,'1130.54\r'),(97,3,'1890.78\r'),(97,4,'-524.03\r'),(97,5,'384.07\r'),(97,6,'1283.14\r'),(97,7,'271.42\r'),(98,1,'49039.24\r'),(98,2,'2959.38\r'),(98,3,'2015.26\r'),(98,4,'1860.67\r'),(98,5,'-465.64\r'),(98,6,'3747.13\r'),(98,7,'2723.92\r'),(98,8,'3967.85\r'),(98,9,'3449.87\r'),(99,1,'15586.95\r'),(99,2,'1270.06\r'),(99,3,'-1073.88\r'),(99,4,'1766.54\r'),(99,5,'-782.97\r'),(99,6,'1598.33\r'),(99,7,'-413.52\r'),(100,1,'27420.24\r'),(100,2,'-608.04\r'),(100,3,'-1784.95\r'),(100,4,'-1722.16\r'),(100,5,'3950.84\r'),(100,6,'2820.33\r'),(100,7,'493.7\r'),(100,8,'2558.65\r'),(101,1,'9549.4\r'),(101,2,'325.97\r'),(101,3,'8.48\r'),(101,4,'888.05\r'),(101,5,'2182.51\r'),(101,6,'3115.72\r'),(101,7,'2914.26\r'),(101,8,'-1829.18\r'),(101,9,'-672.02\r'),(101,10,'428.39\r'),(101,11,'-943.21\r'),(101,12,'1035.77\r'),(102,1,'76986.27\r'),(102,2,'3209.68\r'),(102,3,'3183.67\r'),(102,4,'3971.89\r'),(102,5,'-1046.03\r'),(102,6,'-492.1\r'),(102,7,'3822.13\r'),(102,8,'-414.37\r'),(103,1,'82405.21\r'),(103,2,'2579.15\r'),(103,3,'2168.27\r'),(103,4,'1522.32\r'),(103,5,'-1790.03\r'),(103,6,'3606.92\r'),(104,1,'48438.74\r'),(104,2,'-1527.13\r'),(104,3,'1100.2\r'),(104,4,'2106.81\r'),(104,5,'2405.71\r'),(104,6,'3605.63\r'),(104,7,'2752.63\r'),(104,8,'-824.99\r'),(105,1,'15426.47\r'),(105,2,'3513.58\r'),(105,3,'-547.38\r'),(105,4,'579.39\r'),(105,5,'1464.19\r'),(105,6,'2324.6\r'),(105,7,'847.56\r'),(105,8,'298.68\r'),(105,9,'3713.26\r'),(105,10,'84.94\r'),(106,1,'85329.15\r'),(106,2,'3569.89\r'),(106,3,'1656.67\r'),(106,4,'1619.46\r'),(106,5,'331.85\r'),(106,6,'2955.43\r'),(106,7,'2312.6\r'),(106,8,'-990.89\r'),(106,9,'-935.01\r'),(106,10,'2820.64\r'),(106,11,'600.1\r'),(106,12,'3027.87\r'),(107,1,'86853.53\r'),(107,2,'-1139.07\r'),(107,3,'-1058.32\r'),(107,4,'924.54\r'),(107,5,'3964.08\r'),(107,6,'3224.38\r'),(107,7,'2884.14\r'),(107,8,'3421.18\r'),(107,9,'3292.49\r'),(108,1,'49951.06\r'),(108,2,'3175.7\r'),(108,3,'-636.96\r'),(108,4,'1644.71\r'),(108,5,'-1805.33\r'),(108,6,'2167.95\r'),(108,7,'-1195.23\r'),(108,8,'3676.04\r'),(108,9,'335.59\r'),(108,10,'3773.42\r'),(108,11,'1487.98\r'),(108,12,'3903.4\r'),(108,13,'-389.5\r'),(109,1,'48613.06\r'),(109,2,'3043.08\r'),(109,3,'439.38\r'),(109,4,'1721.15\r'),(109,5,'2759.62\r'),(109,6,'-343.17\r'),(109,7,'-120.78\r'),(110,1,'22657.98\r'),(110,2,'1354.7\r'),(110,3,'3371.86\r'),(110,4,'3028.23\r'),(110,5,'3617.94\r'),(110,6,'840.46\r'),(110,7,'-734.13\r'),(110,8,'1896.99\r'),(110,9,'-1452.97\r'),(110,10,'1654.52\r'),(111,1,'72144.9\r'),(111,2,'-1802.4\r'),(111,3,'-959.12\r'),(111,4,'1182.96\r'),(112,1,'16383.36\r'),(112,2,'3013.03\r'),(112,3,'100.19\r'),(112,4,'3878.26\r'),(112,5,'3787.6\r'),(112,6,'369.14\r'),(112,7,'832.07\r'),(112,8,'-720.28\r'),(112,9,'-325.02\r'),(112,10,'3388.02\r'),(112,11,'-997.12\r'),(112,12,'898.05\r'),(112,13,'-1511.83\r'),(112,14,'2759.29\r'),(113,1,'59518.34\r'),(113,2,'2084.83\r'),(113,3,'2797.42\r'),(113,4,'2066.13\r'),(113,5,'1567.23\r'),(113,6,'812.72\r'),(113,7,'3406.23\r'),(113,8,'3434.29\r'),(113,9,'-315.12\r'),(113,10,'1952.12\r'),(113,11,'2318.3\r'),(113,12,'-14.43\r'),(113,13,'3541.44\r'),(113,14,'1043.37\r'),(113,15,'-1420.29\r'),(114,1,'61768.25\r'),(114,2,'-1449.79\r'),(114,3,'-538\r'),(114,4,'1481.16\r'),(114,5,'3675.67\r'),(114,6,'1851.89\r'),(114,7,'2402.37\r'),(114,8,'1690.46\r'),(114,9,'-681.89\r'),(114,10,'1406.18\r'),(114,11,'-1929.91\r'),(114,12,'-1703.12\r'),(115,1,'93549.92\r'),(115,2,'-944.33\r'),(115,3,'2319.03\r'),(115,4,'1235.43\r'),(115,5,'2776.54\r'),(115,6,'3920.96\r'),(116,1,'33368.1\r'),(116,2,'-1811.33\r'),(116,3,'2292.57\r'),(116,4,'-1852.92\r'),(116,5,'-910.93\r'),(116,6,'-1464.89\r'),(116,7,'-391.18\r'),(116,8,'2411.85\r'),(116,9,'3157.2\r'),(117,1,'10785.73\r'),(117,2,'710.55\r'),(117,3,'1.25\r'),(117,4,'1633.98\r'),(117,5,'-1556.53\r'),(117,6,'2607.95\r'),(117,7,'-210.68\r'),(117,8,'230.85\r'),(118,1,'52964.36\r'),(118,2,'475.26\r'),(118,3,'3644.83\r'),(119,1,'98480.27\r'),(119,2,'2926.28\r'),(119,3,'3804.41\r'),(119,4,'2866.54\r'),(119,5,'-41.31\r'),(119,6,'3931.23\r'),(119,7,'1931.79\r'),(119,8,'-426.05\r'),(120,1,'21193.13\r'),(120,2,'-434.86\r'),(120,3,'3335.17\r'),(120,4,'-1360.15\r'),(120,5,'3072.47\r'),(120,6,'-113.85\r'),(120,7,'1561.3\r'),(121,1,'98101.36\r'),(121,2,'-524.42\r'),(121,3,'3372.65\r'),(121,4,'3304.11\r'),(121,5,'-740.92\r'),(122,1,'42894.28\r'),(122,2,'686.8\r'),(122,3,'-1654.64\r'),(122,4,'1377.18\r'),(122,5,'2647.37\r'),(122,6,'-894.2\r'),(122,7,'3564.31\r'),(122,8,'-94.06\r'),(122,9,'198.16\r'),(123,1,'71410.26\r'),(123,2,'1498.9\r'),(123,3,'1210.73\r'),(123,4,'1406.1\r'),(123,5,'-1668.33\r'),(123,6,'3737.71\r'),(123,7,'1242.66\r'),(123,8,'2155.87\r'),(124,1,'3421.93\r'),(124,2,'685.75\r'),(124,3,'2307.96\r'),(124,4,'2339.87\r'),(124,5,'422.12\r'),(124,6,'1773.53\r'),(124,7,'3209.1\r'),(124,8,'-1085.86\r'),(124,9,'-1341.53\r'),(125,1,'37121.79\r'),(125,2,'2313.25\r'),(125,3,'-1406.99\r'),(125,4,'1429.69\r'),(125,5,'952.01\r'),(125,6,'2346.45\r'),(125,7,'1007.18\r'),(125,8,'-55\r'),(125,9,'-1218.52\r'),(125,10,'-546.52\r'),(125,11,'2555.31\r'),(126,1,'54966.52\r'),(126,2,'3067.65\r'),(126,3,'-1047.47\r'),(127,1,'47324.92\r'),(127,2,'-1285.55\r'),(127,3,'684.6\r'),(127,4,'2490.93\r'),(127,5,'-62.07\r'),(127,6,'2530.37\r'),(127,7,'284.42\r'),(127,8,'-825.13\r'),(127,9,'-1088.98\r'),(127,10,'1982.98\r'),(127,11,'3456.28\r'),(127,12,'-554.67\r'),(128,1,'72025.84\r'),(128,2,'3162.18\r'),(128,3,'-762.99\r'),(128,4,'-1295.6\r'),(129,1,'33680.12\r'),(129,2,'1637.68\r'),(129,3,'1144.51\r'),(129,4,'789.84\r'),(129,5,'-791.87\r'),(129,6,'773.87\r'),(129,7,'-1565.61\r'),(130,1,'87542.82\r'),(130,2,'2835.67\r'),(130,3,'2457.46\r'),(130,4,'418.26\r'),(130,5,'737.09\r'),(130,6,'3791.67\r'),(130,7,'-1203.33\r'),(130,8,'2555.19\r'),(130,9,'-1548.98\r'),(130,10,'-683.75\r'),(130,11,'2590.15\r'),(130,12,'3992.84\r'),(130,13,'-709\r'),(131,1,'57863.14\r'),(131,2,'2352.19\r'),(131,3,'175.84\r'),(131,4,'-1175.34\r'),(131,5,'2235.07\r'),(131,6,'2119.94\r'),(131,7,'-1838.64\r'),(131,8,'3441.65\r'),(131,9,'-1267.54\r'),(131,10,'-1541.18\r'),(131,11,'2949.23\r'),(132,1,'85893.27\r'),(132,2,'1228.18\r'),(132,3,'2117.76\r'),(132,4,'-347.29\r'),(132,5,'-1954.8\r'),(132,6,'-563.53\r'),(132,7,'3840.01\r'),(132,8,'399.19\r'),(132,9,'2848.52\r'),(132,10,'1922.36\r'),(132,11,'683.67\r'),(132,12,'3883.01\r'),(133,1,'74462.55\r'),(133,2,'-1776.72\r'),(133,3,'3050.89\r'),(133,4,'1540.2\r'),(133,5,'3240.34\r'),(133,6,'-79.08\r'),(133,7,'3211.57\r'),(133,8,'2807.42\r'),(134,1,'32309.47\r'),(134,2,'1634.4\r'),(134,3,'1111.58\r'),(134,4,'-674.32\r'),(134,5,'3824.98\r'),(134,6,'-653.91\r'),(134,7,'138.3\r'),(135,1,'95889.6\r'),(135,2,'2610.61\r'),(135,3,'-428.2\r'),(135,4,'2258.74\r'),(135,5,'-983.07\r'),(135,6,'-90.28\r'),(135,7,'165.86\r'),(135,8,'2936.19\r'),(135,9,'3376.71\r'),(135,10,'1231.52\r'),(135,11,'-1454.22\r'),(135,12,'-92.59\r'),(136,1,'31130.27\r'),(136,2,'1608.69\r'),(136,3,'-1854.02\r'),(136,4,'-1078.62\r'),(136,5,'-1146.06\r'),(136,6,'3831.23\r'),(136,7,'-1713.27\r'),(136,8,'3237.87\r'),(136,9,'-1200.28\r'),(136,10,'1297.58\r'),(136,11,'-1418.82\r'),(137,1,'84296.1\r'),(137,2,'907.5\r'),(137,3,'-1811.24\r'),(137,4,'-824.46\r'),(137,5,'-40.59\r'),(137,6,'-1592.65\r'),(137,7,'-1832.68\r'),(137,8,'-381.77\r'),(137,9,'-1129.42\r'),(137,10,'-1054.83\r'),(138,1,'96658.35\r'),(138,2,'1098.57\r'),(138,3,'1162.83\r'),(138,4,'-1005.3\r'),(138,5,'2958.86\r'),(138,6,'2336.87\r'),(138,7,'834.04\r'),(139,1,'92397.65\r'),(139,2,'3719.22\r'),(139,3,'-1931.58\r'),(139,4,'3346.21\r'),(139,5,'2070.02\r'),(139,6,'-1344.64\r'),(139,7,'256.67\r'),(139,8,'103.95\r'),(139,9,'2097.34\r'),(139,10,'679.27\r'),(140,1,'93762.52\r'),(140,2,'-1519.77\r'),(140,3,'2149.31\r'),(140,4,'3324.06\r'),(140,5,'-1352.46\r'),(140,6,'2870.27\r'),(141,1,'78478.11\r'),(141,2,'-1005.01\r'),(141,3,'2616.61\r'),(141,4,'3815.53\r'),(141,5,'-1262.16\r'),(141,6,'-1325.89\r'),(141,7,'1035.91\r'),(141,8,'3808.61\r'),(141,9,'-607.73\r'),(141,10,'2741.23\r'),(141,11,'1251.45\r'),(141,12,'3526.48\r'),(142,1,'84770.37\r'),(142,2,'105.37\r'),(142,3,'-575.76\r'),(142,4,'1423.76\r'),(142,5,'2685.3\r'),(142,6,'1371.62\r'),(142,7,'-919.31\r'),(142,8,'-1240.38\r'),(142,9,'1936.1\r'),(142,10,'-1080.08\r'),(142,11,'-953.48\r'),(142,12,'-1780.77\r'),(142,13,'1188.97\r'),(143,1,'28504.56\r'),(143,2,'-1968.49\r'),(143,3,'691.42\r'),(143,4,'-1252.05\r'),(143,5,'605.83\r'),(143,6,'1130.39\r'),(143,7,'1604.94\r'),(143,8,'-1836.41\r'),(144,1,'22318.58\r'),(144,2,'1032.85\r'),(144,3,'964.12\r'),(144,4,'-1200.01\r'),(144,5,'2093.75\r'),(144,6,'3150.16\r'),(144,7,'963.65\r'),(144,8,'2092.86\r'),(144,9,'-1343.19\r'),(144,10,'1467.57\r'),(144,11,'-18.73\r'),(145,1,'27041\r'),(145,2,'2002.42\r'),(145,3,'-1204.25\r'),(145,4,'2086.51\r'),(145,5,'-1570.11\r'),(145,6,'3135.38\r'),(145,7,'2206.26\r'),(145,8,'890.92\r'),(146,1,'87796.11\r'),(146,2,'2325.17\r'),(146,3,'-1174.95\r'),(146,4,'2217.87\r'),(146,5,'-93.96\r'),(146,6,'49.69\r'),(146,7,'2808.82\r'),(146,8,'1044.74\r'),(146,9,'1087.79\r'),(146,10,'1451.5\r'),(146,11,'-1636.54\r'),(147,1,'98155.28\r'),(147,2,'1859.67\r'),(147,3,'-1234.37\r'),(147,4,'339.7\r'),(147,5,'932.2\r'),(147,6,'-1728.87\r'),(147,7,'3324.97\r'),(147,8,'1098.4\r'),(147,9,'3514.35\r'),(147,10,'1674.29\r'),(147,11,'1189.67\r'),(147,12,'1650.49\r'),(147,13,'3319.16\r'),(148,1,'83528.49\r'),(148,2,'745.15\r'),(148,3,'2489.13\r'),(148,4,'3979.84\r'),(148,5,'2430\r'),(148,6,'-1383.82\r'),(148,7,'89.58\r'),(148,8,'-1524.75\r'),(148,9,'2236.51\r'),(148,10,'1537.17\r'),(148,11,'1187.26\r'),(148,12,'1945.39\r'),(148,13,'2927.9\r'),(149,1,'80869.04\r'),(149,2,'-876.61\r'),(149,3,'2407.36\r'),(149,4,'-891.03\r'),(150,1,'49865.67\r'),(150,2,'2165.95\r'),(150,3,'640.98\r'),(150,4,'1797.64\r'),(150,5,'1931.37\r'),(150,6,'1163.41\r'),(150,7,'-1168.13\r'),(150,8,'3904.53\r'),(150,9,'-595.42\r'),(150,10,'-509.97\r'),(150,11,'1929.08\r'),(150,12,'2705.24\r'),(150,13,'-205.99\r'),(150,14,'2652.95\r'),(150,15,'3512.7\r'),(150,16,'3563.45\r'),(150,17,'2834.39\r'),(150,18,'-665.57\r'),(150,19,'1954.76\r'),(151,1,'84601.1\r'),(151,2,'-1603.48\r'),(151,3,'-790.56\r'),(152,1,'24587.76\r'),(152,2,'-934.69\r'),(152,3,'-1995.39\r'),(152,4,'-802.17\r'),(152,5,'1450.04\r'),(152,6,'3014.32\r'),(152,7,'2941.46\r'),(152,8,'-1453.48\r'),(152,9,'3959.56\r'),(152,10,'1091.26\r'),(153,1,'39892.29\r'),(153,2,'1020.16\r'),(153,3,'984.6\r'),(153,4,'-1020.71\r'),(153,5,'34.24\r'),(153,6,'2247.66\r'),(153,7,'3728.55\r'),(153,8,'3351.4\r'),(153,9,'-1029.92\r'),(153,10,'1583.01\r'),(154,1,'41687.01\r'),(154,2,'3755.19\r'),(154,3,'3337.05\r'),(154,4,'3647.76\r'),(154,5,'2748.8\r'),(154,6,'2254.24\r'),(154,7,'969.5\r'),(154,8,'1588.04\r'),(154,9,'2208.16\r'),(154,10,'1191.7\r'),(154,11,'1046.28\r'),(154,12,'2171.75\r'),(155,1,'44417.49\r'),(155,2,'3912.24\r'),(155,3,'-994.37\r'),(155,4,'3595.26\r'),(155,5,'806.88\r'),(155,6,'2368.18\r'),(155,7,'1368.37\r'),(156,1,'37528.58\r'),(156,2,'3024.04\r'),(156,3,'2799.76\r'),(156,4,'-1831.81\r'),(157,1,'66677.95\r'),(157,2,'1336.8\r'),(157,3,'3749.79\r'),(157,4,'-1685.24\r'),(157,5,'1261.33\r'),(157,6,'-1106.34\r'),(157,7,'1245.59\r'),(157,8,'1444.7\r'),(157,9,'-1470.16\r'),(157,10,'1708.02\r'),(158,1,'84961.78\r'),(158,2,'232.45\r'),(158,3,'-1212.29\r'),(159,1,'40707.78\r'),(159,2,'3923.33\r'),(159,3,'-886.53\r'),(159,4,'403.04\r'),(160,1,'74785.12\r'),(160,2,'1110.38\r'),(160,3,'-792.39\r'),(160,4,'3797.23\r'),(160,5,'-165.15\r'),(160,6,'2570.71\r'),(160,7,'-96.37\r'),(160,8,'3161.53\r'),(160,9,'-250.96\r'),(160,10,'869.51\r'),(160,11,'2935.48\r'),(161,1,'15891.67\r'),(161,2,'3397.79\r'),(161,3,'2271.77\r'),(161,4,'-671.77\r'),(161,5,'-571.1\r'),(161,6,'2613.64\r'),(162,1,'78144.45\r'),(162,2,'103.97\r'),(162,3,'3507.36\r'),(162,4,'-297.02\r'),(162,5,'3444.93\r'),(162,6,'509.41\r'),(162,7,'341.65\r'),(162,8,'3317.55\r'),(162,9,'1230.94\r'),(163,1,'25343.89\r'),(163,2,'3957.48\r'),(163,3,'374.95\r'),(163,4,'837.47\r'),(163,5,'2111.52\r'),(163,6,'-452.02\r'),(163,7,'-1721.48\r'),(163,8,'-282.24\r'),(164,1,'94145.63\r'),(164,2,'867.88\r'),(164,3,'2978.92\r'),(164,4,'-651.11\r'),(164,5,'3994.93\r'),(165,1,'96796.3\r'),(165,2,'-169.12\r'),(165,3,'2966.42\r'),(165,4,'3647.54\r'),(165,5,'3623.85\r'),(165,6,'-604.12\r'),(165,7,'3734.77\r'),(165,8,'-1735.09\r'),(165,9,'-719.5\r'),(165,10,'501.78\r'),(166,1,'60909.98\r'),(166,2,'2014.06\r'),(166,3,'-58.09\r'),(166,4,'2499.74\r'),(166,5,'87.87\r'),(167,1,'22424.96\r'),(167,2,'-1001.78\r'),(167,3,'1969.73\r'),(167,4,'-58.81\r'),(167,5,'-1468.76\r'),(167,6,'-509.01\r'),(167,7,'-391.07\r'),(168,1,'36041.67\r'),(168,2,'937.12\r'),(168,3,'-200.19\r'),(168,4,'-1851.12\r'),(168,5,'176.22\r'),(168,6,'-1394.56\r'),(168,7,'3375.66\r'),(168,8,'2424.05\r'),(168,9,'2368.55\r'),(169,1,'32866.23\r'),(169,2,'265.81\r'),(169,3,'-1188.52\r'),(169,4,'-55.32\r'),(169,5,'2188.14\r'),(169,6,'-668.03\r'),(169,7,'-1568.01\r'),(169,8,'-1261.88\r'),(169,9,'-1082.06\r'),(169,10,'808.93\r'),(169,11,'-12.09\r'),(169,12,'-991.78\r'),(169,13,'-672.31\r'),(169,14,'-177.61\r'),(169,15,'2971.32\r'),(169,16,'1458.1\r'),(170,1,'67892.68\r'),(170,2,'588.54\r'),(170,3,'-245.39\r'),(170,4,'1344.29\r'),(171,1,'75627.02\r'),(171,2,'2669.03\r'),(171,3,'-1400.25\r'),(171,4,'1709.14\r'),(171,5,'-1161.88\r'),(171,6,'1223.2\r'),(171,7,'3976.45\r'),(171,8,'2584.12\r'),(171,9,'-221.98\r'),(171,10,'-1541.77\r'),(171,11,'3551.3\r'),(171,12,'2264.51\r'),(171,13,'2772.1\r'),(171,14,'2143.63\r'),(172,1,'85481.55\r'),(172,2,'-850.86\r'),(172,3,'225.72\r'),(172,4,'309.4\r'),(173,1,'11767.54\r'),(173,2,'667.82\r'),(173,3,'3400.1\r'),(173,4,'-601.69\r'),(173,5,'1089.25\r'),(173,6,'-399.68\r'),(174,1,'18128.61\r'),(174,2,'1860.11\r'),(174,3,'2091.58\r'),(174,4,'1273.17\r'),(174,5,'487.14\r'),(174,6,'-165.05\r'),(174,7,'-140.23\r'),(175,1,'60730.8\r'),(175,2,'118.73\r'),(175,3,'-1867.23\r'),(175,4,'2087.46\r'),(175,5,'-1001.12\r'),(175,6,'-1632.77\r'),(175,7,'3504.04\r'),(175,8,'3769.45\r'),(175,9,'286.67\r'),(175,10,'1182.09\r'),(175,11,'-1917\r'),(175,12,'3002.51\r'),(175,13,'2733.99\r'),(176,1,'96473.74\r'),(176,2,'-1671.17\r'),(176,3,'1022.03\r'),(176,4,'2347.48\r'),(176,5,'1136.77\r'),(176,6,'56.5\r'),(176,7,'1066.48\r'),(176,8,'3016.88\r'),(176,9,'3976.02\r'),(176,10,'1532.76\r'),(176,11,'2298.1\r'),(176,12,'1793.2\r'),(177,1,'38525.96\r'),(177,2,'-787.61\r'),(177,3,'3625.52\r'),(177,4,'2066.53\r'),(177,5,'-335.29\r'),(177,6,'1785.79\r'),(177,7,'-1496.46\r'),(177,8,'-502.71\r'),(177,9,'280.63\r'),(177,10,'3600.51\r'),(177,11,'271.27\r'),(177,12,'1624.13\r'),(177,13,'-362.94\r'),(177,14,'3737.28\r'),(178,1,'4399.01\r'),(178,2,'2605.02\r'),(178,3,'1816.77\r'),(178,4,'3132.5\r'),(178,5,'2848.95\r'),(178,6,'230.13\r'),(178,7,'-221.05\r'),(178,8,'1293.91\r'),(179,1,'32080.66\r'),(179,2,'2105.66\r'),(179,3,'-142.89\r'),(179,4,'-1852.87\r'),(179,5,'3472.65\r'),(179,6,'2603.87\r'),(179,7,'457.8\r'),(179,8,'3940.59\r'),(179,9,'903.73\r'),(179,10,'-1074.53\r'),(180,1,'38174.73\r'),(180,2,'1767.48\r'),(180,3,'-1757.8\r'),(180,4,'1725.1\r'),(180,5,'-1952.4\r'),(180,6,'-1757.58\r'),(180,7,'461.55\r'),(180,8,'822.97\r'),(180,9,'1105.91\r'),(180,10,'1602.28\r'),(180,11,'431.79\r'),(181,1,'20139.47\r'),(181,2,'496.44\r'),(181,3,'-1135.08\r'),(181,4,'2602.96\r'),(181,5,'2496.67\r'),(181,6,'-147.09\r'),(182,1,'28753.98\r'),(182,2,'-1829.62\r'),(182,3,'-215.84\r'),(182,4,'1186.73\r'),(182,5,'932.71\r'),(182,6,'138.56\r'),(182,7,'192.81\r'),(183,1,'205.96\r'),(183,2,'3966.07\r'),(183,3,'81.64\r'),(183,4,'2176.37\r'),(183,5,'-1264.03\r'),(183,6,'-1759.26\r'),(183,7,'-1017.17\r'),(183,8,'2311.25\r'),(183,9,'1116.85\r'),(183,10,'3489.8\r'),(184,1,'11305.18\r'),(184,2,'521.95\r'),(184,3,'-636.32\r'),(184,4,'2667.57\r'),(184,5,'-1159.38\r'),(184,6,'182.65\r'),(184,7,'181.94\r'),(184,8,'-71.97\r'),(184,9,'1553.81\r'),(184,10,'-1654.52\r'),(184,11,'-553.4\r'),(184,12,'-191.3\r'),(184,13,'3145.09\r'),(185,1,'17896.48\r'),(185,2,'2574.01\r'),(185,3,'1438.48\r'),(185,4,'1234.67\r'),(185,5,'3866.03\r'),(185,6,'2929.97\r'),(185,7,'579.88\r'),(185,8,'3968.05\r'),(185,9,'-1868.95\r'),(185,10,'908.62\r'),(186,1,'40786.01\r'),(186,2,'-567.41\r'),(186,3,'-594.11\r'),(186,4,'407.96\r'),(186,5,'3509.06\r'),(186,6,'3670.7\r'),(186,7,'-652.58\r'),(187,1,'97629.4\r'),(187,2,'1211.14\r'),(187,3,'-37.58\r'),(187,4,'109.85\r'),(187,5,'-986.32\r'),(187,6,'1524.82\r'),(187,7,'3877.35\r'),(188,1,'7403.68\r'),(188,2,'1590.76\r'),(188,3,'292.08\r'),(188,4,'2798.71\r'),(188,5,'3454.46\r'),(188,6,'-281.88\r'),(188,7,'1411.87\r'),(188,8,'354.18\r'),(188,9,'-1429.18\r'),(189,1,'59371.67\r'),(189,2,'-1862.06\r'),(189,3,'3325.18\r'),(189,4,'2994.35\r'),(189,5,'3958.86\r'),(190,1,'74251.89\r'),(190,2,'3300.62\r'),(190,3,'3662.99\r'),(190,4,'-1267.03\r'),(190,5,'2619.31\r'),(190,6,'3400.21\r'),(190,7,'3723.23\r'),(191,1,'94348.99\r'),(191,2,'-1965.45\r'),(191,3,'2741.86\r'),(191,4,'-1505.14\r'),(191,5,'3050\r'),(191,6,'-225.14\r'),(191,7,'-1441.96\r'),(192,1,'12181.62\r'),(192,2,'1179.48\r'),(192,3,'1150.43\r'),(192,4,'1911.31\r'),(192,5,'3289.39\r'),(192,6,'-549.57\r'),(193,1,'5004.63\r'),(193,2,'3994.84\r'),(193,3,'3942.32\r'),(193,4,'2161.54\r'),(193,5,'-312.58\r'),(193,6,'10.72\r'),(193,7,'-1656.77\r'),(193,8,'-1456.68\r'),(193,9,'-205.87\r'),(193,10,'942.92\r'),(193,11,'2839.28\r'),(193,12,'3091.68\r'),(193,13,'1742.54\r'),(194,1,'83308.7\r'),(194,2,'3178.96\r'),(194,3,'-975.54\r'),(194,4,'2090.68\r'),(194,5,'421.61\r'),(194,6,'3020.21\r'),(194,7,'321.67\r'),(194,8,'-238.9\r'),(194,9,'1024.64\r'),(195,1,'78781.21\r'),(195,2,'-146\r'),(195,3,'2458.7\r'),(195,4,'1789.79\r'),(195,5,'2615.01\r'),(195,6,'3055.45\r'),(196,1,'36998.18\r'),(196,2,'3879.68\r'),(196,3,'2552.58\r'),(196,4,'1016.64\r'),(196,5,'1865.42\r'),(196,6,'1003.84\r'),(197,1,'8420.38\r'),(197,2,'1673.34\r'),(197,3,'1454.83\r'),(197,4,'3795.37\r'),(197,5,'2678.33\r'),(197,6,'445.45\r'),(197,7,'-765.78\r'),(197,8,'3906.67\r'),(197,9,'-568.12\r'),(197,10,'-1544.97\r'),(198,1,'95539.37\r'),(198,2,'3277.86\r'),(198,3,'2665.06\r'),(198,4,'671.33\r'),(198,5,'-1340.86\r'),(198,6,'-1292.13\r'),(198,7,'3166.13\r'),(199,1,'75295.58\r'),(199,2,'529.4\r'),(199,3,'1477.66\r'),(199,4,'836.2\r'),(199,5,'1675.3\r'),(199,6,'1326.26\r'),(199,7,'839.6\r'),(199,8,'644.15\r'),(199,9,'3930.68\r'),(199,10,'607.06\r'),(200,1,'87660.19\r'),(200,2,'3961.48\r'),(200,3,'-1435.46\r'),(200,4,'2409.54\r'),(200,5,'1490.65\r'),(200,6,'312.05\r'),(200,7,'-677.17\r'),(200,8,'3580.05\r'),(200,9,'1062.29\r'),(200,10,'-1576.16\r'),(200,11,'3247.55\r'),(201,1,'58084.55\r'),(201,2,'-89.44\r'),(201,3,'-907.3\r'),(201,4,'383.48\r'),(201,5,'-1403.14\r'),(201,6,'2119\r'),(201,7,'1136.92\r'),(201,8,'885.19\r'),(202,1,'70250.94\r'),(202,2,'-815.2\r'),(202,3,'-1981.53\r'),(202,4,'-474.28\r'),(202,5,'-129.24\r'),(203,1,'75588.51\r'),(203,2,'-730.23\r'),(203,3,'-1041.72\r'),(203,4,'314.3\r'),(203,5,'-1250.56\r'),(203,6,'-1792.94\r'),(203,7,'113.85\r'),(203,8,'461.66\r'),(203,9,'594.32\r'),(203,10,'3985.75\r'),(203,11,'2339.11\r'),(203,12,'2899\r'),(203,13,'-599.92\r'),(204,1,'59260.44\r'),(204,2,'646.88\r'),(204,3,'1655.7\r'),(204,4,'3755.04\r'),(204,5,'-245.74\r'),(204,6,'-1597.33\r'),(204,7,'3309.45\r'),(204,8,'2987.93\r'),(204,9,'2518.12\r'),(205,1,'42395.12\r'),(205,2,'893.32\r'),(205,3,'3659.68\r'),(205,4,'1009.98\r'),(205,5,'1994.72\r'),(206,1,'80371.46\r'),(206,2,'3639.13\r'),(206,3,'-196.5\r'),(207,1,'52528.87\r'),(207,2,'-1821.22\r'),(207,3,'2499.73\r'),(207,4,'-289.54\r'),(207,5,'2042.65\r'),(207,6,'2051.82\r'),(208,1,'33356\r'),(208,2,'1506.92\r'),(208,3,'-1199.91\r'),(208,4,'-126.03\r'),(208,5,'2567.27\r'),(208,6,'3699.97\r'),(208,7,'-234.89\r'),(209,1,'84723.79\r'),(209,2,'159.32\r'),(209,3,'837.22\r'),(209,4,'2767.72\r'),(209,5,'200.57\r'),(209,6,'-114.3\r'),(210,1,'61438.11\r'),(210,2,'765.16\r'),(210,3,'-768.81\r'),(210,4,'-677.58\r'),(210,5,'-12.03\r'),(210,6,'-1395.38\r'),(210,7,'654.49\r'),(210,8,'-149.92\r'),(210,9,'2710.5\r'),(210,10,'2351.27\r'),(210,11,'669.9\r'),(210,12,'2184.47\r'),(210,13,'1299.85\r'),(210,14,'-1005.78\r'),(211,1,'83979.86\r'),(211,2,'853.3\r'),(211,3,'3642.08\r'),(211,4,'1033\r'),(211,5,'2327.96\r'),(211,6,'4.69\r'),(211,7,'2721.47\r'),(212,1,'36991.57\r'),(212,2,'1677.16\r'),(212,3,'2535.13\r'),(212,4,'3495.43\r'),(212,5,'2498.33\r'),(212,6,'1118.14\r'),(212,7,'3470.74\r'),(212,8,'3922.65\r'),(212,9,'-758.35\r'),(213,1,'34904.59\r'),(213,2,'3238.29\r'),(213,3,'1550.09\r'),(213,4,'-912.55\r'),(213,5,'1494.67\r'),(213,6,'1233.47\r'),(214,1,'57633.61\r'),(214,2,'-221.27\r'),(214,3,'2851.39\r'),(214,4,'19.81\r'),(214,5,'-1680.81\r'),(214,6,'3325.6\r'),(215,1,'82042.09\r'),(215,2,'-780.48\r'),(215,3,'2887.82\r'),(215,4,'-800.26\r'),(216,1,'66688.05\r'),(216,2,'849.79\r'),(216,3,'-1756.48\r'),(216,4,'817.17\r'),(216,5,'2213.4\r'),(216,6,'619.74\r'),(216,7,'-456.28\r'),(216,8,'-1214.86\r'),(216,9,'3694.9\r'),(216,10,'995.07\r'),(216,11,'2460.77\r'),(216,12,'961.41\r'),(216,13,'-536.84\r'),(216,14,'-1124.65\r'),(217,1,'46402.63\r'),(217,2,'1156.64\r'),(217,3,'3678.34\r'),(217,4,'-362.82\r'),(218,1,'98757.79\r'),(218,2,'1423.82\r'),(218,3,'-1538.8\r'),(218,4,'-65.89\r'),(218,5,'1506.49\r'),(218,6,'2621.98\r'),(218,7,'-484.11\r'),(218,8,'2449.41\r'),(218,9,'-1020.32\r'),(219,1,'18376.22\r'),(219,2,'1778.24\r'),(219,3,'-188.39\r'),(219,4,'2907.29\r'),(219,5,'3799.95\r'),(219,6,'1602.46\r'),(219,7,'2201.14\r'),(219,8,'-705.68\r'),(219,9,'688.19\r'),(219,10,'-787.2\r'),(220,1,'69592.9\r'),(220,2,'3806.72\r'),(220,3,'428.73\r'),(220,4,'-1784.32\r'),(220,5,'2254.91\r'),(220,6,'2188.7\r'),(220,7,'800.08\r'),(220,8,'1943.96\r'),(220,9,'1410.22\r'),(220,10,'-1934.39\r'),(220,11,'3180.41\r'),(220,12,'2827.7\r'),(220,13,'-385.71\r'),(221,1,'90728.42\r'),(221,2,'-1464.26\r'),(221,3,'11.3\r'),(221,4,'2806.02\r'),(221,5,'3262.01\r'),(221,6,'3301.06\r'),(221,7,'3558.22\r'),(221,8,'-1635.44\r'),(221,9,'1343.62\r'),(221,10,'-567.63\r'),(221,11,'2857.17\r'),(221,12,'868.04\r'),(222,1,'70560.78\r'),(222,2,'1128.93\r'),(222,3,'3843.22\r'),(222,4,'-650.38\r'),(222,5,'558.71\r'),(222,6,'2379.71\r'),(222,7,'1318.86\r'),(222,8,'495.98\r'),(222,9,'-730.46\r'),(222,10,'-1499.64\r'),(222,11,'1606.79\r'),(222,12,'2486.37\r'),(223,1,'24368.49\r'),(223,2,'3945.94\r'),(223,3,'-1322.44\r'),(223,4,'3388.91\r'),(223,5,'2159.06\r'),(223,6,'1705.91\r'),(223,7,'753.63\r'),(223,8,'176.34\r'),(223,9,'2741.43\r'),(223,10,'3428.66\r'),(224,1,'54770.46\r'),(224,2,'-760.92\r'),(224,3,'-367.64\r'),(224,4,'3433.65\r'),(224,5,'1058.93\r'),(224,6,'2918.1\r'),(224,7,'377.81\r'),(224,8,'-727.75\r'),(224,9,'119.31\r'),(224,10,'576.92\r'),(225,1,'14914.94\r'),(225,2,'-107.62\r'),(225,3,'-969.64\r'),(225,4,'-361.65\r'),(225,5,'2986.18\r'),(225,6,'-708.82\r'),(225,7,'14.09\r'),(225,8,'210.42\r'),(225,9,'2705.3\r'),(225,10,'271.4\r'),(226,1,'44780.04\r'),(226,2,'2311.87\r'),(226,3,'2177.94\r'),(226,4,'2000.85\r'),(226,5,'1637.9\r'),(226,6,'2535.57\r'),(227,1,'98987.65\r'),(227,2,'1276.12\r'),(227,3,'2437.75\r'),(227,4,'-1054.9\r'),(227,5,'-531.05\r'),(227,6,'3044.7\r'),(227,7,'1971.91\r'),(227,8,'3784.6\r'),(228,1,'76302.64\r'),(228,2,'-1161.64\r'),(228,3,'-143.58\r'),(228,4,'-1368.36\r'),(228,5,'-610.84\r'),(228,6,'1359.16\r'),(228,7,'231.61\r'),(228,8,'-1653.09\r'),(228,9,'1124.67\r'),(228,10,'1048.81\r'),(228,11,'2780.7\r'),(228,12,'-879.01\r'),(229,1,'73719\r'),(229,2,'339.97\r'),(229,3,'757.14\r'),(229,4,'-1325\r'),(229,5,'919.57\r'),(229,6,'353.14\r'),(229,7,'2057.07\r'),(229,8,'2043.28\r'),(229,9,'2952.7\r'),(230,1,'56000.4\r'),(230,2,'1178.56\r'),(230,3,'2906.59\r'),(230,4,'290.71\r'),(230,5,'-1321.78\r'),(230,6,'3895.57\r'),(230,7,'-1674.88\r'),(230,8,'2104.09\r'),(231,1,'10062.53\r'),(231,2,'1450.83\r'),(231,3,'-607.08\r'),(231,4,'-1150.81\r'),(231,5,'-118.45\r'),(231,6,'-808.58\r'),(231,7,'-1601.87\r'),(231,8,'2142.85\r'),(231,9,'833.67\r'),(232,1,'73436.14\r'),(232,2,'888.87\r'),(232,3,'1398.18\r'),(232,4,'746.69\r'),(232,5,'1412.77\r'),(232,6,'-1917.96\r'),(232,7,'1080.98\r'),(232,8,'2359.3\r'),(232,9,'-326.86\r'),(232,10,'-581.55\r'),(232,11,'-553.31\r'),(232,12,'3237.73\r'),(233,1,'29701.8\r'),(233,2,'3228.42\r'),(233,3,'-319.49\r'),(233,4,'33.46\r'),(233,5,'3056.51\r'),(233,6,'2097.88\r'),(233,7,'3456.44\r'),(233,8,'77.95\r'),(233,9,'1853.03\r'),(233,10,'2451.32\r'),(233,11,'1648.94\r'),(233,12,'-656.96\r'),(234,1,'36177.36\r'),(234,2,'420.54\r'),(234,3,'-671.72\r'),(234,4,'242.14\r'),(234,5,'-699.4\r'),(234,6,'1322.18\r'),(234,7,'-800.35\r'),(234,8,'-1468.93\r'),(234,9,'519.86\r'),(235,1,'38548.88\r'),(235,2,'3754.75\r'),(235,3,'258.39\r'),(235,4,'462.13\r'),(235,5,'2790.77\r'),(235,6,'-402.55\r'),(235,7,'-670.47\r'),(236,1,'18531.61\r'),(236,2,'2548.16\r'),(236,3,'212.74\r'),(236,4,'697.05\r'),(236,5,'1094.99\r'),(237,1,'76763.14\r'),(237,2,'3943.57\r'),(237,3,'2393.43\r'),(237,4,'-29.85\r'),(237,5,'2598.98\r'),(237,6,'1139.05\r'),(237,7,'2382.36\r'),(237,8,'2760.75\r'),(238,1,'41855.65\r'),(238,2,'3846.86\r'),(238,3,'1290.58\r'),(238,4,'-186.31\r'),(238,5,'-789.2\r'),(238,6,'1396.26\r'),(238,7,'-733.34\r'),(239,1,'2897.43\r'),(239,2,'-1661.76\r'),(239,3,'923.33\r'),(239,4,'-559.65\r'),(239,5,'2662.17\r'),(239,6,'566.82\r'),(239,7,'-961.96\r'),(239,8,'-1612.37\r'),(240,1,'86743.54\r'),(240,2,'1326.44\r'),(240,3,'1383.32\r'),(240,4,'2863.52\r'),(240,5,'1539.36\r'),(240,6,'-1628.4\r'),(240,7,'1988.71\r'),(240,8,'726.79\r'),(240,9,'-851.19\r'),(240,10,'1521.89\r'),(240,11,'1021.36\r'),(241,1,'69362.9\r'),(241,2,'-1099.08\r'),(241,3,'-49.97\r'),(241,4,'1817.25\r'),(241,5,'1533.55\r'),(241,6,'-1081.89\r'),(241,7,'3304.46\r'),(241,8,'1670\r'),(241,9,'1953.22\r'),(241,10,'-1925.71\r'),(241,11,'-927.56\r'),(241,12,'2298.18\r'),(241,13,'-1132.08\r'),(242,1,'26775.88\r'),(242,2,'820.89\r'),(242,3,'-712.09\r'),(242,4,'2438.65\r'),(242,5,'-1035.78\r'),(242,6,'613.11\r'),(242,7,'2189.86\r'),(242,8,'-479.59\r'),(242,9,'1814.81\r'),(242,10,'-720.43\r'),(243,1,'45921.83\r'),(243,2,'1905.62\r'),(243,3,'-1498.61\r'),(243,4,'3600.39\r'),(243,5,'-450.13\r'),(243,6,'2193.38\r'),(243,7,'-1906.44\r'),(244,1,'22132.66\r'),(244,2,'2578.33\r'),(244,3,'2966.46\r'),(244,4,'3090.98\r'),(245,1,'91055.62\r'),(245,2,'-1897.94\r'),(245,3,'3615.84\r'),(245,4,'2206.35\r'),(245,5,'283.06\r'),(245,6,'971.06\r'),(245,7,'819.26\r'),(245,8,'-1640.07\r'),(246,1,'38057.85\r'),(246,2,'-115.47\r'),(246,3,'2252.61\r'),(246,4,'2296.14\r'),(246,5,'-1799.39\r'),(246,6,'2170.59\r'),(246,7,'980.21\r'),(246,8,'1280.98\r'),(246,9,'3954.75\r'),(246,10,'2861.23\r'),(246,11,'2222.97\r'),(246,12,'3901.11\r'),(247,1,'63680.8\r'),(247,2,'-298.89\r'),(247,3,'1278.89\r'),(247,4,'974.32\r'),(247,5,'122.75\r'),(247,6,'1342.93\r'),(247,7,'3471.57\r'),(247,8,'-1239.94\r'),(247,9,'-1855.6\r'),(247,10,'1781.18\r'),(247,11,'-145.82\r'),(247,12,'-1646.29\r'),(247,13,'3756.84\r'),(247,14,'1734.7\r'),(248,1,'47998.67\r'),(248,2,'3599.84\r'),(248,3,'3318.89\r'),(248,4,'-602.45\r'),(248,5,'3096.09\r'),(248,6,'2692.26\r'),(248,7,'3403.81\r'),(248,8,'2412.24\r'),(249,1,'74825.76\r'),(249,2,'2225.17\r'),(249,3,'2800.43\r'),(249,4,'2187.08\r'),(249,5,'-863.56\r'),(249,6,'2688.22\r'),(250,1,'12384.76\r'),(250,2,'3851.26\r'),(250,3,'-1062.42\r'),(250,4,'2777.49\r'),(250,5,'3510.93\r'),(250,6,'3443.09\r'),(250,7,'784.51\r'),(250,8,'3743.39\r'),(250,9,'-1032.22\r'),(251,1,'24335.77\r'),(251,2,'3958.97\r'),(251,3,'-1219.91\r'),(251,4,'1453.67\r'),(251,5,'2285.91\r'),(251,6,'2325.89\r'),(252,1,'86529.71\r'),(252,2,'2570\r'),(252,3,'1336.59\r'),(252,4,'1949.77\r'),(252,5,'-1074\r'),(252,6,'3217.96\r'),(253,1,'72957.76\r'),(253,2,'3124.55\r'),(253,3,'-269.67\r'),(253,4,'-1965.23\r'),(253,5,'-1297.92\r'),(253,6,'913.53\r'),(253,7,'3146.15\r'),(253,8,'25.22\r'),(253,9,'-1873.2\r'),(254,1,'58488.13\r'),(254,2,'-927.24\r'),(254,3,'-1838.61\r'),(254,4,'-267.74\r'),(254,5,'3889.55\r'),(254,6,'630.53\r'),(254,7,'-1911.4\r'),(254,8,'1436.45\r'),(254,9,'-1414.55\r'),(254,10,'2149.71\r'),(254,11,'3605.1\r'),(255,1,'16229.53\r'),(255,2,'2574.21\r'),(255,3,'-472.33\r'),(255,4,'1728.16\r'),(255,5,'1756.5\r'),(255,6,'628.47\r'),(255,7,'893.46\r'),(255,8,'3399.73\r'),(255,9,'3688.85\r'),(255,10,'-1245.68\r'),(255,11,'732.7\r'),(256,1,'56090.32\r'),(256,2,'1545.54\r'),(256,3,'2448.84\r'),(256,4,'3818.7\r'),(256,5,'285.08\r'),(256,6,'2541.23\r'),(256,7,'1263.52\r'),(256,8,'2374.88\r'),(256,9,'-1800.32\r'),(256,10,'1408.41\r'),(256,11,'2710.21\r'),(257,1,'53719.87\r'),(257,2,'1834.27\r'),(257,3,'3215.98\r'),(257,4,'3865.33\r'),(257,5,'-1842.52\r'),(257,6,'162.76\r'),(257,7,'3576.88\r'),(257,8,'62.82\r'),(257,9,'2803.66\r'),(257,10,'3810.97\r'),(257,11,'-1498.73\r'),(258,1,'18283.48\r'),(258,2,'2017.54\r'),(258,3,'3092.63\r'),(258,4,'1335.99\r'),(258,5,'2836.2\r'),(258,6,'3664.16\r'),(258,7,'644.66\r'),(259,1,'82326.34\r'),(259,2,'3568.05\r'),(259,3,'-1292.65\r'),(259,4,'3550.89\r'),(259,5,'-1934.11\r'),(259,6,'189.2\r'),(259,7,'2571.67\r'),(259,8,'312.87\r'),(260,1,'58736.02\r'),(260,2,'-1636.03\r'),(260,3,'-1195.26\r'),(260,4,'-633.89\r'),(260,5,'-1550.85\r'),(260,6,'-1777.21\r'),(260,7,'3664.65\r'),(261,1,'38692.1\r'),(261,2,'2155.9\r'),(261,3,'1102.28\r'),(261,4,'3163.73\r'),(261,5,'2197.29\r'),(261,6,'320.21\r'),(261,7,'2501.77\r'),(261,8,'-708.4\r'),(261,9,'-1554.19\r'),(261,10,'1015.74\r'),(261,11,'1889.53\r'),(261,12,'3724.26\r'),(261,13,'-700.65\r'),(261,14,'1603.24\r'),(262,1,'72963\r'),(262,2,'-1244.8\r'),(262,3,'422.34\r'),(262,4,'2255.07\r'),(262,5,'-304.25\r'),(262,6,'3676.86\r'),(262,7,'1338.38\r'),(262,8,'1356.04\r'),(262,9,'714.45\r'),(262,10,'1298.49\r'),(263,1,'21041.65\r'),(263,2,'630.69\r'),(263,3,'270.58\r'),(263,4,'739.46\r'),(264,1,'53926.32\r'),(264,2,'-517.36\r'),(264,3,'-55.45\r'),(264,4,'-38.37\r'),(264,5,'-103.26\r'),(264,6,'2598.77\r'),(264,7,'1777.48\r'),(264,8,'744.67\r'),(264,9,'-1334.75\r'),(265,1,'8767.64\r'),(265,2,'3409.14\r'),(265,3,'1581.64\r'),(265,4,'-957.23\r'),(265,5,'2698.14\r'),(265,6,'-282.49\r'),(265,7,'681.3\r'),(265,8,'3322.64\r'),(265,9,'-159.33\r'),(266,1,'7432.43\r'),(266,2,'-1042.2\r'),(266,3,'1484.54\r'),(266,4,'1705.19\r'),(266,5,'3021.34\r'),(266,6,'143.57\r'),(266,7,'2793.72\r'),(266,8,'3962.15\r'),(266,9,'-1892.54\r'),(267,1,'18559.24\r'),(267,2,'1219.28\r'),(267,3,'-807.05\r'),(267,4,'1891.18\r'),(267,5,'295.62\r'),(267,6,'-167.14\r'),(267,7,'3597\r'),(268,1,'79173.87\r'),(268,2,'3439.32\r'),(268,3,'3996.54\r'),(268,4,'3124.75\r'),(268,5,'3434.29\r'),(268,6,'-674.95\r'),(268,7,'-542.78\r'),(269,1,'70116.03\r'),(269,2,'3809.09\r'),(269,3,'499.63\r'),(269,4,'2912.1\r'),(269,5,'-1747.29\r'),(269,6,'1489.88\r'),(269,7,'3120.01\r'),(269,8,'104.09\r'),(269,9,'2286.45\r'),(269,10,'1585.81\r'),(269,11,'129.54\r'),(269,12,'-1405.25\r'),(269,13,'-998.26\r'),(269,14,'-1246.68\r'),(269,15,'-742.74\r'),(270,1,'13800.87\r'),(270,2,'887.53\r'),(270,3,'-1404.08\r'),(270,4,'2446.14\r'),(270,5,'3628.78\r'),(270,6,'1079.18\r'),(270,7,'-47.38\r'),(270,8,'277.98\r'),(270,9,'3479.45\r'),(271,1,'38614.67\r'),(271,2,'2850.89\r'),(271,3,'2241.96\r'),(271,4,'-1006.49\r'),(271,5,'2631.11\r'),(271,6,'-833.71\r'),(271,7,'-358.7\r'),(271,8,'541.19\r'),(271,9,'-1228.21\r'),(272,1,'95431.93\r'),(272,2,'-227.56\r'),(272,3,'2043.57\r'),(272,4,'1386.74\r'),(272,5,'-526.53\r'),(272,6,'1449.16\r'),(272,7,'143.96\r'),(272,8,'2038.17\r'),(273,1,'64630.48\r'),(273,2,'618.31\r'),(273,3,'1917.58\r'),(273,4,'-21.93\r'),(273,5,'-1931.17\r'),(274,1,'64391.96\r'),(274,2,'3946.5\r'),(274,3,'-1799.41\r'),(274,4,'-1524.49\r'),(274,5,'-63.98\r'),(274,6,'-786.92\r'),(275,1,'89214.12\r'),(275,2,'1004.12\r'),(275,3,'2330.38\r'),(275,4,'825.07\r'),(275,5,'639.96\r'),(275,6,'-1733.54\r'),(275,7,'-1035.15\r'),(275,8,'-1014.17\r'),(275,9,'2963.27\r'),(275,10,'2761.92\r'),(276,1,'808.72\r'),(276,2,'3760.95\r'),(276,3,'2744.85\r'),(276,4,'1848.24\r'),(276,5,'-1021.47\r'),(276,6,'-1450.38\r'),(277,1,'92555.73\r'),(277,2,'-1717.35\r'),(277,3,'-482.44\r'),(277,4,'-1181.28\r'),(277,5,'1013.59\r'),(277,6,'2927.79\r'),(277,7,'2586.71\r'),(278,1,'38588.1\r'),(278,2,'837.27\r'),(278,3,'3504.14\r'),(278,4,'3546.71\r'),(278,5,'625.31\r'),(278,6,'-1689.71\r'),(278,7,'698.46\r'),(278,8,'-777.05\r'),(278,9,'287.69\r'),(278,10,'-775.07\r'),(278,11,'-174.04\r'),(278,12,'3815.18\r'),(278,13,'-52.19\r'),(279,1,'78087.45\r'),(279,2,'-634.91\r'),(279,3,'2090.95\r'),(279,4,'-345.81\r'),(279,5,'3685.83\r'),(279,6,'2300.9\r'),(279,7,'1817.65\r'),(279,8,'2508.82\r'),(279,9,'-614.85\r'),(279,10,'658.57\r'),(279,11,'-759.73\r'),(280,1,'24159.2\r'),(280,2,'-1981.6\r'),(280,3,'-1256.63\r'),(280,4,'1660.65\r'),(280,5,'1712.67\r'),(280,6,'879.42\r'),(280,7,'2394.06\r'),(280,8,'3088.88\r'),(280,9,'3856.26\r'),(280,10,'2385.12\r'),(280,11,'2134.43\r'),(280,12,'-698.65\r'),(280,13,'3514.61\r'),(280,14,'676.48\r'),(280,15,'3299.82\r'),(281,1,'76718.54\r'),(281,2,'1801.85\r'),(281,3,'-1212.36\r'),(281,4,'-967.59\r'),(281,5,'-123.31\r'),(281,6,'-1248.05\r'),(281,7,'2403.94\r'),(281,8,'736.52\r'),(281,9,'2610.09\r'),(281,10,'667.95\r'),(281,11,'-1321.8\r'),(281,12,'902.97\r'),(282,1,'96430.68\r'),(282,2,'-1605.35\r'),(282,3,'1720\r'),(282,4,'-382.47\r'),(282,5,'-1146\r'),(282,6,'1718.51\r'),(282,7,'3035.06\r'),(282,8,'1293.41\r'),(283,1,'40851.47\r'),(283,2,'1136.07\r'),(283,3,'-376.04\r'),(283,4,'2177.39\r'),(283,5,'2806.49\r'),(283,6,'2560.12\r'),(283,7,'1479.65\r'),(283,8,'-1456.94\r'),(283,9,'-710.66\r'),(283,10,'3239.98\r'),(283,11,'1113.13\r'),(284,1,'67343.71\r'),(284,2,'2394.77\r'),(284,3,'1608.2\r'),(284,4,'-1371.38\r'),(284,5,'789.31\r'),(284,6,'-444.38\r'),(284,7,'3469.78\r'),(284,8,'3043.93\r'),(284,9,'97.39\r'),(284,10,'-1626.49\r'),(284,11,'3866.58\r'),(284,12,'3919.09\r'),(284,13,'-1542.82\r'),(284,14,'1799.77\r'),(284,15,'-850.76\r'),(284,16,'3260\r'),(285,1,'33322.17\r'),(285,2,'2551.61\r'),(285,3,'-1334.67\r'),(285,4,'890.06\r'),(285,5,'-596.87\r'),(285,6,'-902.13\r'),(285,7,'1157.65\r'),(285,8,'-1516.03\r'),(285,9,'1486.84\r'),(285,10,'1056.77\r'),(286,1,'19872.15\r'),(286,2,'-1145.6\r'),(286,3,'301.26\r'),(286,4,'3749.52\r'),(286,5,'-1153.56\r'),(286,6,'-1172.19\r'),(286,7,'-756.49\r'),(286,8,'1504.2\r'),(286,9,'3021.18\r'),(286,10,'352.97\r'),(286,11,'497.37\r'),(286,12,'518.09\r'),(286,13,'-369.83\r'),(286,14,'314.36\r'),(287,1,'47474.41\r'),(287,2,'3856.08\r'),(287,3,'162.03\r'),(288,1,'40619.52\r'),(288,2,'-1178.82\r'),(288,3,'3396.46\r'),(288,4,'2914.3\r'),(288,5,'-1822.76\r'),(288,6,'243.24\r'),(288,7,'659.72\r'),(288,8,'2884.12\r'),(288,9,'2141.37\r'),(288,10,'1633.62\r'),(289,1,'40040.34\r'),(289,2,'2025.82\r'),(289,3,'2043.34\r'),(289,4,'-536.47\r'),(289,5,'-1668.57\r'),(290,1,'74720.96\r'),(290,2,'591.57\r'),(290,3,'2438.4\r'),(290,4,'3151.43\r'),(290,5,'1070.51\r'),(290,6,'590.57\r'),(290,7,'761.41\r'),(290,8,'3641.86\r'),(290,9,'-504.65\r'),(290,10,'774.88\r'),(291,1,'90181.92\r'),(291,2,'3790.12\r'),(291,3,'-395.93\r'),(291,4,'264.89\r'),(291,5,'257.13\r'),(291,6,'-3.72\r'),(291,7,'178.37\r'),(291,8,'-1349.53\r'),(291,9,'3240.13\r'),(291,10,'3982.9\r'),(291,11,'-498.54\r'),(291,12,'1856.73\r'),(292,1,'69771.17\r'),(292,2,'3338\r'),(292,3,'2805.51\r'),(292,4,'2817.22\r'),(292,5,'2313.35\r'),(292,6,'876.2\r'),(292,7,'1460.71\r'),(292,8,'2792.23\r'),(292,9,'-175.37\r'),(292,10,'91.83\r'),(293,1,'75934.98\r'),(293,2,'3203.06\r'),(293,3,'-1944.91\r'),(293,4,'2754.97\r'),(293,5,'1037.79\r'),(293,6,'1827.07\r'),(294,1,'32347.84\r'),(294,2,'1676.2\r'),(294,3,'2840.42\r'),(295,1,'32872.18\r'),(295,2,'2394.6\r'),(295,3,'2222.69\r'),(295,4,'3159.81\r'),(295,5,'-923.02\r'),(295,6,'1159.28\r'),(295,7,'-148.21\r'),(295,8,'3779.07\r'),(296,1,'58438.33\r'),(296,2,'-101.9\r'),(296,3,'3455.45\r'),(296,4,'2221.75\r'),(296,5,'1862.21\r'),(297,1,'70281.89\r'),(297,2,'1182.17\r'),(297,3,'-1307.62\r'),(297,4,'2375.38\r'),(297,5,'1539.99\r'),(297,6,'325.26\r'),(297,7,'2850.89\r'),(297,8,'-1640.79\r'),(297,9,'1771.04\r');
/*!40000 ALTER TABLE `Transactions` ENABLE KEYS */;
UNLOCK TABLES;
/*!40103 SET TIME_ZONE=@OLD_TIME_ZONE */;

/*!40101 SET SQL_MODE=@OLD_SQL_MODE */;
/*!40014 SET FOREIGN_KEY_CHECKS=@OLD_FOREIGN_KEY_CHECKS */;
/*!40014 SET UNIQUE_CHECKS=@OLD_UNIQUE_CHECKS */;
/*!40101 SET CHARACTER_SET_CLIENT=@OLD_CHARACTER_SET_CLIENT */;
/*!40101 SET CHARACTER_SET_RESULTS=@OLD_CHARACTER_SET_RESULTS */;
/*!40101 SET COLLATION_CONNECTION=@OLD_COLLATION_CONNECTION */;
/*!40111 SET SQL_NOTES=@OLD_SQL_NOTES */;

-- Dump completed on 2019-02-23 14:36:15